"","name","usage","count","Type1","Type2","bst","hp","atk","def","spatk","spdef","spd","mult_Grass","mult_Normal","mult_Water","mult_Dragon","mult_Electric","mult_Fighting","mult_Poison","mult_Fire","mult_Bug","mult_Ice","mult_Psychic","mult_Ghost","mult_Dark","mult_Flying","mult_Rock","mult_Steel","mult_Fairy","mult_Ground","pivot","hazard_control","hazard","total"
"1","Abomasnow",0.463918333333333,84134,"Grass","Ice",494,90,92,75,92,85,60,0.5,1,0.5,1,0.5,2,2,4,2,1,1,1,1,2,2,2,1,0.5,"0","0","0",19094440
"2","Aipom",0.00187,181,"Normal","",360,55,70,55,40,55,85,1,1,1,1,1,2,1,1,1,1,1,0,1,1,1,1,1,1,"1","0","0",19094440
"3","Alomomola",2.66556833333333,493294,"Water","",470,165,75,80,40,45,65,2,1,0.5,1,2,1,1,0.5,1,0.5,1,1,1,1,1,0.5,1,1,"1","0","0",19094440
"4","Altaria",0.181243333333333,33824,"Dragon","Flying",490,75,70,90,70,105,80,0.25,1,0.5,2,1,0.5,1,0.5,0.5,4,1,1,1,1,2,1,2,0,"0","1","0",19094440
"5","Ambipom",0.998876666666667,105830,"Normal","",482,75,100,66,60,66,115,1,1,1,1,1,2,1,1,1,1,1,0,1,1,1,1,1,1,"1","0","0",19094440
"6","Amoonguss",6.71649666666667,1262285,"Grass","Poison",464,114,85,70,85,80,30,0.25,1,0.5,1,0.5,0.5,1,2,1,2,2,1,1,2,1,1,0.5,1,"0","0","0",19094440
"7","Ampharos",0.0714316666666667,13136,"Electric","",510,90,75,85,115,90,55,1,1,1,1,0.5,1,1,1,1,1,1,1,1,0.5,1,0.5,1,2,"1","0","0",19094440
"8","Appletun",0.113351666666667,21356,"Grass","Dragon",485,110,85,80,100,80,30,0.25,1,0.25,2,0.25,1,2,1,2,4,1,1,1,2,1,1,2,0.5,"0","0","0",19094440
"9","Applin",0.001565,292,"Grass","Dragon",260,40,40,80,40,40,20,0.25,1,0.25,2,0.25,1,2,1,2,4,1,1,1,2,1,1,2,0.5,"0","0","0",19094440
"10","Arbok",0.21617,21729,"Poison","",448,60,95,69,65,79,80,0.5,1,1,1,1,0.5,0.5,1,0.5,1,2,1,1,1,1,1,0.5,2,"0","0","1",19094440
"11","Arboliva",0.45174,83963,"Grass","Normal",510,78,69,90,125,109,39,0.5,1,0.5,1,0.5,2,2,2,2,2,1,0,1,2,1,1,1,0.5,"0","0","0",19094440
"12","Arcanine",0.29914,55868,"Fire","",555,90,110,80,100,80,95,0.5,1,2,1,1,1,1,0.5,0.5,0.5,1,1,1,1,2,0.5,0.5,2,"0","0","1",19094440
"13","Arcanine-Hisui",3.33772833333333,677711,"Fire","Rock",350,60,75,45,65,50,55,1,0.5,4,1,1,2,0.5,0.25,0.5,0.5,1,1,1,0.5,2,1,0.5,4,"0","0","1",19094440
"14","Arctibax",0.00387,743,"Dragon","Ice",423,90,95,66,45,65,62,0.5,1,0.5,2,0.5,2,1,1,1,1,1,1,1,1,2,2,2,1,"0","0","0",19094440
"15","Ariados",0.2611,27493,"Bug","Poison",400,70,90,70,60,70,40,0.25,1,1,1,1,0.25,0.5,2,0.5,1,2,1,1,2,2,1,0.5,1,"0","0","1",19094440
"16","Armarouge",1.34884833333333,250750,"Fire","Psychic",525,85,60,100,125,80,75,0.5,1,2,1,1,0.5,1,0.5,1,0.5,0.5,2,2,1,2,0.5,0.5,2,"0","0","0",19094440
"17","Arrokuda",0.00055,79,"Water","",280,41,63,40,40,30,66,2,1,0.5,1,2,1,1,0.5,1,0.5,1,1,1,1,1,0.5,1,1,"1","0","0",19094440
"18","Articuno",0.133058333333333,26828,"Ice","Flying",580,90,85,100,95,125,85,0.5,1,1,1,2,1,1,2,0.5,1,1,1,1,1,4,2,1,0,"1","0","0",19094440
"19","Articuno-Galar",0.566796666666667,114338,"Psychic","Flying",580,90,85,85,125,100,95,0.5,1,1,1,2,0.25,1,1,1,2,0.5,2,2,1,2,1,1,0,"1","0","0",19094440
"20","Avalugg",0.274271666666667,52061,"Ice","",514,95,117,184,44,46,28,1,1,1,1,1,2,1,2,1,0.5,1,1,1,1,2,2,1,1,"0","1","1",19094440
"21","Avalugg-Hisui",0.346548333333333,73755,"Fire","Rock",350,60,75,45,65,50,55,1,0.5,4,1,1,2,0.5,0.25,0.5,0.5,1,1,1,0.5,2,1,0.5,4,"0","0","1",19094440
"22","Axew",0.00180166666666667,311,"Dragon","",320,46,87,60,30,40,57,0.5,1,0.5,2,0.5,1,1,0.5,1,2,1,1,1,1,1,1,2,1,"0","0","0",19094440
"23","Azelf",0.861485,174661,"Psychic","",580,75,125,70,125,70,115,1,1,1,1,1,0.5,1,1,2,1,0.5,2,2,1,1,1,1,1,"1","0","1",19094440
"24","Azumarill",4.18211,788848,"Water","Fairy",420,100,50,80,60,80,50,2,1,0.5,0,2,0.5,2,0.5,0.5,0.5,1,1,0.5,1,1,1,1,1,"0","0","0",19094440
"25","Azurill",0.001905,341,"Normal","Fairy",190,50,20,40,20,40,20,1,1,1,0,1,1,2,1,0.5,1,1,0,0.5,1,1,2,1,1,"0","0","0",19094440
"26","Bagon",0.00078,148,"Dragon","",300,45,75,60,40,30,50,0.5,1,0.5,2,0.5,1,1,0.5,1,2,1,1,1,1,1,1,2,1,"0","0","0",19094440
"27","Banette",0.0259966666666667,4778,"Ghost","",455,64,115,65,83,63,65,1,0,1,1,1,0,0.5,1,0.5,1,1,2,2,1,1,1,1,1,"0","0","0",19094440
"28","Barboach",0.000295,55,"Water","Ground",288,50,48,43,46,41,60,4,1,1,1,0,1,0.5,0.5,1,1,1,1,1,1,0.5,0.5,1,1,"0","0","1",19094440
"29","Barraskewda",0.918908333333333,177462,"Water","",490,61,123,60,60,50,136,2,1,0.5,1,2,1,1,0.5,1,0.5,1,1,1,1,1,0.5,1,1,"1","0","0",19094440
"30","Basculegion",2.19805666666667,433522,"Water","Ghost",530,120,112,65,80,75,78,2,0,0.5,1,2,0,0.5,0.5,0.5,0.5,1,2,2,1,1,0.5,1,1,"1","0","0",19094440
"31","Basculegion-F",1.23200166666667,254234,"Poison","",275,55,47,52,40,40,41,0.5,1,1,1,1,0.5,0.5,1,0.5,1,2,1,1,1,1,1,0.5,2,"0","0","0",19094440
"32","Basculin",0.0239683333333333,4495,"Water","",460,70,92,65,80,55,98,2,1,0.5,1,2,1,1,0.5,1,0.5,1,1,1,1,1,0.5,1,1,"1","0","0",19094440
"33","Baxcalibur",13.15738,1603305,"Dragon","Ice",600,115,145,92,75,86,87,0.5,1,0.5,2,0.5,2,1,1,1,1,1,1,1,1,2,2,2,1,"0","0","0",19094440
"34","Beartic",0.105746666666667,19610,"Ice","",505,95,130,80,70,80,50,1,1,1,1,1,2,1,2,1,0.5,1,1,1,1,2,2,1,1,"0","0","0",19094440
"35","Bellibolt",0.263238333333333,48641,"Electric","",495,109,64,91,103,83,45,1,1,1,1,0.5,1,1,1,1,1,1,1,1,0.5,1,0.5,1,2,"1","0","0",19094440
"36","Bellsprout",0.00104666666666667,106,"Grass","Poison",300,50,75,35,70,30,40,0.25,1,0.5,1,0.5,0.5,1,2,1,2,2,1,1,2,1,1,0.5,1,"0","0","0",19094440
"37","Bergmite",0.00073,131,"Ice","",304,55,69,85,32,35,28,1,1,1,1,1,2,1,2,1,0.5,1,1,1,1,2,2,1,1,"0","1","0",19094440
"38","Bisharp",0.244736666666667,45310,"Dark","Steel",490,65,125,100,60,70,70,0.5,0.5,1,0.5,1,4,0,2,1,0.5,0,0.5,0.5,0.5,0.5,0.5,1,2,"0","0","1",19094440
"39","Blissey",2.479255,460061,"Normal","",540,255,10,10,75,135,55,1,1,1,1,1,2,1,1,1,1,1,0,1,1,1,1,1,1,"0","0","1",19094440
"40","Bombirdier",0.05191,9568,"Flying","Dark",485,70,103,85,60,85,82,0.5,1,1,1,2,1,1,1,1,2,0,0.5,0.5,1,2,1,2,0,"1","0","1",19094440
"41","Bonsly",0.00288666666666667,532,"Rock","",290,50,80,95,10,45,10,2,0.5,2,1,1,2,0.5,0.5,1,1,1,1,1,0.5,1,2,1,2,"0","0","1",19094440
"42","Bounsweet",0.000681666666666667,128,"Grass","",210,42,30,38,30,38,32,0.5,1,0.5,1,0.5,1,2,2,2,2,1,1,1,2,1,1,1,0.5,"0","1","0",19094440
"43","Braixen",0.00480833333333333,906,"Fire","",409,59,59,58,90,70,73,0.5,1,2,1,1,1,1,0.5,0.5,0.5,1,1,1,1,2,0.5,0.5,2,"0","0","0",19094440
"44","Brambleghast",0.39926,79136,"Grass","Ghost",480,55,115,70,80,70,90,0.5,0,0.5,1,0.5,0,1,2,1,2,1,2,2,2,1,1,1,0.5,"0","1","1",19094440
"45","Bramblin",0.000888333333333333,152,"Grass","Ghost",275,40,65,30,45,35,60,0.5,0,0.5,1,0.5,0,1,2,1,2,1,2,2,2,1,1,1,0.5,"0","1","1",19094440
"46","Braviary",0.06941,13045,"Normal","Flying",510,100,123,75,57,75,80,0.5,1,1,1,2,1,1,1,0.5,2,1,0,1,1,2,1,1,0,"1","1","0",19094440
"47","Braviary-Hisui",1.34968,279902,"Fire","Rock",350,60,75,45,65,50,55,1,0.5,4,1,1,2,0.5,0.25,0.5,0.5,1,1,1,0.5,2,1,0.5,4,"0","0","1",19094440
"48","Breloom",2.65875,511249,"Grass","Fighting",460,60,130,80,60,60,70,0.5,1,0.5,1,0.5,1,2,2,1,2,2,1,0.5,4,0.5,1,2,0.5,"0","0","0",19094440
"49","Bronzong",0.228408333333333,42882,"Steel","Psychic",500,67,89,116,79,116,33,0.5,0.5,1,0.5,1,1,0,2,1,0.5,0.25,2,2,0.5,0.5,0.5,0.5,2,"0","0","1",19094440
"50","Bronzor",0.00186166666666667,319,"Steel","Psychic",300,57,24,86,24,86,23,0.5,0.5,1,0.5,1,1,0,2,1,0.5,0.25,2,2,0.5,0.5,0.5,0.5,2,"0","0","1",19094440
"51","Brute Bonnet",0.569113333333333,106444,"Grass","Dark",570,111,127,99,79,99,55,0.5,1,0.5,1,0.5,2,2,2,4,2,0,0.5,0.5,2,1,1,2,0.5,"0","0","0",19094440
"52","Bruxish",0.0532433333333333,9855,"Water","Psychic",475,68,105,70,70,70,92,2,1,0.5,1,2,0.5,1,0.5,2,0.5,0.5,2,2,1,1,0.5,1,1,"1","0","0",19094440
"53","Buizel",0.00303166666666667,571,"Water","",330,55,65,35,60,30,85,2,1,0.5,1,2,1,1,0.5,1,0.5,1,1,1,1,1,0.5,1,1,"1","0","0",19094440
"54","Cacnea",0.000848333333333333,153,"Grass","",335,50,85,40,85,40,35,0.5,1,0.5,1,0.5,1,2,2,2,2,1,1,1,2,1,1,1,0.5,"0","0","1",19094440
"55","Cacturne",0.06684,12590,"Grass","Dark",475,70,115,60,115,60,55,0.5,1,0.5,1,0.5,2,2,2,4,2,0,0.5,0.5,2,1,1,2,0.5,"0","0","1",19094440
"56","Calyrex",0.01255,2688,"Psychic","Grass",500,100,80,80,80,80,80,0.5,1,0.5,1,0.5,0.5,2,2,4,2,0.5,2,2,2,1,1,1,0.5,"0","0","0",19094440
"57","Camerupt",0.0336266666666667,6292,"Fire","Ground",460,70,100,70,105,75,40,1,1,4,1,0,1,0.5,0.5,0.5,1,1,1,1,1,1,0.5,0.5,2,"0","0","1",19094440
"58","Capsakid",0.000355,64,"Grass","",304,50,62,40,62,40,50,0.5,1,0.5,1,0.5,1,2,2,2,2,1,1,1,2,1,1,1,0.5,"0","0","0",19094440
"59","Carbink",0.0800516666666667,16814,"Rock","Fairy",500,50,50,150,50,150,50,2,0.5,2,0,1,1,1,0.5,0.5,1,1,1,0.5,0.5,1,4,1,2,"0","0","1",19094440
"60","Carkol",0.00549833333333333,1051,"Rock","Fire",410,80,60,90,60,70,50,1,0.5,4,1,1,2,0.5,0.25,0.5,0.5,1,1,1,0.5,2,1,0.5,4,"0","1","1",19094440
"61","Ceruledge",4.57559833333333,861130,"Fire","Ghost",525,75,125,80,60,100,85,0.5,0,2,1,1,0,0.5,0.5,0.25,0.5,1,2,2,1,2,0.5,0.5,2,"0","0","0",19094440
"62","Cetitan",0.41938,78728,"Ice","",521,170,113,65,45,55,73,1,1,1,1,1,2,1,2,1,0.5,1,1,1,1,2,2,1,1,"0","0","0",19094440
"63","Cetoddle",0.00116666666666667,225,"Ice","",334,108,68,45,30,40,43,1,1,1,1,1,2,1,2,1,0.5,1,1,1,1,2,2,1,1,"0","0","0",19094440
"64","Chandelure",1.90027333333333,201279,"Ghost","Fire",520,60,55,90,145,90,80,0.5,0,2,1,1,0,0.5,0.5,0.25,0.5,1,2,2,1,2,0.5,0.5,2,"0","0","0",19094440
"65","Chansey",0.30692,57182,"Normal","",450,250,5,5,35,105,50,1,1,1,1,1,2,1,1,1,1,1,0,1,1,1,1,1,1,"0","0","1",19094440
"66","Charcadet",0.00129833333333333,234,"Fire","",255,40,50,40,50,40,35,0.5,1,2,1,1,1,1,0.5,0.5,0.5,1,1,1,1,2,0.5,0.5,2,"0","0","0",19094440
"67","Charizard",0.532173333333333,99406,"Fire","Flying",534,78,84,78,109,85,100,0.25,1,2,1,2,0.5,1,0.5,0.25,1,1,1,1,1,4,0.5,0.5,0,"0","0","0",19094440
"68","Charjabug",0.01669,1637,"Bug","Electric",400,57,82,95,55,75,36,0.5,1,1,1,0.5,0.5,1,2,1,1,1,1,1,1,2,0.5,1,1,"1","0","0",19094440
"69","Charmander",0.00261666666666667,502,"Fire","",309,39,52,43,60,50,65,0.5,1,2,1,1,1,1,0.5,0.5,0.5,1,1,1,1,2,0.5,0.5,2,"0","0","0",19094440
"70","Charmeleon",0.00294666666666667,512,"Fire","",405,58,64,58,80,65,80,0.5,1,2,1,1,1,1,0.5,0.5,0.5,1,1,1,1,2,0.5,0.5,2,"0","0","0",19094440
"71","Chesnaught",0.549598333333333,104703,"Grass","Fighting",530,88,107,122,74,75,64,0.5,1,0.5,1,0.5,1,2,2,1,2,2,1,0.5,4,0.5,1,2,0.5,"0","0","1",19094440
"72","Chespin",0.000456666666666667,83,"Grass","",313,56,61,65,48,45,38,0.5,1,0.5,1,0.5,1,2,2,2,2,1,1,1,2,1,1,1,0.5,"0","0","1",19094440
"73","Chewtle",0.000428333333333333,83,"Water","",284,50,64,50,38,38,44,2,1,0.5,1,2,1,1,0.5,1,0.5,1,1,1,1,1,0.5,1,1,"0","0","0",19094440
"74","Chien-Pao",6.7656,270538,"Dark","Ice",570,80,120,80,90,65,135,1,1,1,1,1,4,1,2,2,0.5,0,0.5,0.5,1,2,2,2,1,"0","0","0",19094440
"75","Chimchar",0.000553333333333333,53,"Fire","",309,44,58,44,58,44,61,0.5,1,2,1,1,1,1,0.5,0.5,0.5,1,1,1,1,2,0.5,0.5,2,"1","0","1",19094440
"76","Chimecho",0.115836666666667,12286,"Psychic","",455,75,50,80,95,90,65,1,1,1,1,1,0.5,1,1,2,1,0.5,2,2,1,1,1,1,1,"0","0","0",19094440
"77","Chingling",0.00108666666666667,98,"Psychic","",285,45,30,50,65,50,45,1,1,1,1,1,0.5,1,1,2,1,0.5,2,2,1,1,1,1,1,"0","0","0",19094440
"78","Cinderace",12.7667266666667,2366531,"Fire","",530,80,116,75,65,75,119,0.5,1,2,1,1,1,1,0.5,0.5,0.5,1,1,1,1,2,0.5,0.5,2,"1","1","0",19094440
"79","Clauncher",0.000251666666666667,49,"Water","",330,50,53,62,58,63,44,2,1,0.5,1,2,1,1,0.5,1,0.5,1,1,1,1,1,0.5,1,1,"1","0","0",19094440
"80","Clawitzer",0.107926666666667,20011,"Water","",500,71,73,88,120,89,59,2,1,0.5,1,2,1,1,0.5,1,0.5,1,1,1,1,1,0.5,1,1,"1","0","0",19094440
"81","Clefable",6.36976,631054,"Fairy","",483,95,70,73,95,90,60,1,1,1,0,1,0.5,2,1,0.5,1,1,1,0.5,1,1,2,1,1,"0","0","1",19094440
"82","Clefairy",0.01059,995,"Fairy","",323,70,45,48,60,65,35,1,1,1,0,1,0.5,2,1,0.5,1,1,1,0.5,1,1,2,1,1,"0","0","1",19094440
"83","Cleffa",0.00271,271,"Fairy","",218,50,25,28,45,55,15,1,1,1,0,1,0.5,2,1,0.5,1,1,1,0.5,1,1,2,1,1,"0","0","0",19094440
"84","Clodsire",6.10386666666667,1164212,"Poison","Ground",430,130,75,60,45,100,20,1,1,2,1,0,0.5,0.25,1,0.5,2,2,1,1,1,0.5,1,0.5,2,"0","0","1",19094440
"85","Cloyster",0.791033333333333,148324,"Water","Ice",525,50,95,180,85,45,70,2,1,0.5,1,2,2,1,1,1,0.25,1,1,1,1,2,1,1,1,"0","0","1",19094440
"86","Coalossal",0.088015,16438,"Rock","Fire",510,110,80,120,80,90,30,1,0.5,4,1,1,2,0.5,0.25,0.5,0.5,1,1,1,0.5,2,1,0.5,4,"0","1","1",19094440
"87","Combee",0.000514,79,"Bug","Flying",244,30,30,42,30,42,70,0.25,1,1,1,2,0.25,1,2,0.5,2,1,1,1,2,4,1,1,0,"0","0","0",19094440
"88","Conkeldurr",1.52851333333333,157999,"Fighting","",505,105,140,95,55,65,45,1,1,1,1,1,1,1,1,0.5,1,2,1,0.5,2,0.5,1,2,1,"0","1","0",19094440
"89","Copperajah",0.040285,7461,"Steel","",500,122,130,69,80,69,30,0.5,0.5,1,0.5,1,2,0,2,0.5,0.5,0.5,1,1,0.5,0.5,0.5,0.5,2,"0","0","1",19094440
"90","Corphish",0.0051,511,"Water","",308,43,80,65,50,35,35,2,1,0.5,1,2,1,1,0.5,1,0.5,1,1,1,1,1,0.5,1,1,"0","0","0",19094440
"91","Corviknight",11.9672233333333,2278146,"Flying","Steel",495,98,87,105,53,85,67,0.25,0.5,1,0.5,2,1,0,2,0.25,1,0.5,1,1,0.5,1,0.5,0.5,0,"1","1","0",19094440
"92","Corvisquire",7e-04,130,"Flying","",365,68,67,55,43,55,77,0.5,1,1,1,2,0.5,1,1,0.5,2,1,1,1,1,2,1,1,0,"1","1","0",19094440
"93","Crabominable",0.064475,12063,"Fighting","Ice",478,97,132,77,62,67,43,1,1,1,1,1,2,1,2,0.5,0.5,2,1,0.5,2,1,2,2,1,"0","0","0",19094440
"94","Crabrawler",0.001215,228,"Fighting","",338,47,82,57,42,47,63,1,1,1,1,1,1,1,1,0.5,1,2,1,0.5,2,0.5,1,2,1,"0","0","0",19094440
"95","Cramorant",0.359976666666667,37650,"Flying","Water",475,70,85,55,85,95,85,1,1,0.5,1,4,0.5,1,0.5,0.5,1,1,1,1,1,2,0.5,1,0,"0","1","0",19094440
"96","Crawdaunt",1.86281,192785,"Water","Dark",468,63,120,85,90,55,55,2,1,0.5,1,2,2,1,0.5,2,0.5,0,0.5,0.5,1,1,0.5,2,1,"0","0","0",19094440
"97","Cresselia",3.42987,649423,"Psychic","",580,120,70,110,75,120,85,1,1,1,1,1,0.5,1,1,2,1,0.5,2,2,1,1,1,1,1,"0","0","0",19094440
"98","Croagunk",0.001055,204,"Poison","Fighting",300,48,61,40,61,40,50,0.5,1,1,1,1,0.5,0.5,1,0.25,1,4,1,0.5,2,0.5,1,1,2,"0","0","0",19094440
"99","Crocalor",0.014705,2892,"Fire","",411,81,55,78,90,58,49,0.5,1,2,1,1,1,1,0.5,0.5,0.5,1,1,1,1,2,0.5,0.5,2,"0","0","0",19094440
"100","Cryogonal",0.200886666666667,37988,"Ice","",515,80,50,50,95,135,105,1,1,1,1,1,2,1,2,1,0.5,1,1,1,1,2,2,1,1,"0","1","0",19094440
"101","Cubchoo",0.000585,119,"Ice","",305,55,70,40,60,40,40,1,1,1,1,1,2,1,2,1,0.5,1,1,1,1,2,2,1,1,"0","0","0",19094440
"102","Cufant",0.000645,119,"Steel","",330,72,80,49,40,49,40,0.5,0.5,1,0.5,1,2,0,2,0.5,0.5,0.5,1,1,0.5,0.5,0.5,0.5,2,"0","0","1",19094440
"103","Cutiefly",0.00353,344,"Bug","Fairy",304,40,45,40,55,40,84,0.5,1,1,0,1,0.25,2,2,0.5,1,1,1,0.5,2,2,2,1,0.5,"1","0","0",19094440
"104","Cyclizar",0.722018333333333,134104,"Dragon","Normal",501,70,95,65,85,65,121,0.5,1,0.5,2,0.5,2,1,0.5,1,2,1,0,1,1,1,1,2,1,"1","1","0",19094440
"105","Cyndaquil",0.000555,105,"Fire","",309,39,52,43,60,50,65,0.5,1,2,1,1,1,1,0.5,0.5,0.5,1,1,1,1,2,0.5,0.5,2,"0","0","0",19094440
"106","Dachsbun",0.112481666666667,20798,"Fairy","",477,57,80,115,50,80,95,1,1,1,0,1,0.5,2,1,0.5,1,1,1,0.5,1,1,2,1,1,"0","0","0",19094440
"107","Dartrix",0.00327666666666667,613,"Grass","Flying",420,78,75,75,70,70,52,0.25,1,0.5,1,1,0.5,2,2,1,4,1,1,1,2,2,1,1,0,"0","1","0",19094440
"108","Decidueye",0.198936666666667,37188,"Grass","Ghost",530,78,107,75,100,100,70,0.5,0,0.5,1,0.5,0,1,2,1,2,1,2,2,2,1,1,1,0.5,"1","1","1",19094440
"109","Decidueye-Hisui",0.955566666666667,196946,"Fire","Rock",350,60,75,45,65,50,55,1,0.5,4,1,1,2,0.5,0.25,0.5,0.5,1,1,1,0.5,2,1,0.5,4,"0","0","1",19094440
"110","Dedenne",0.032345,6074,"Electric","Fairy",431,67,58,57,81,67,101,1,1,1,0,0.5,0.5,2,1,0.5,1,1,1,0.5,0.5,1,1,1,2,"1","0","0",19094440
"111","Deerling",0.000458333333333333,84,"Normal","Grass",335,60,60,50,40,50,75,0.5,1,0.5,1,0.5,2,2,2,2,2,1,0,1,2,1,1,1,0.5,"0","0","0",19094440
"112","Deino",0.000206666666666667,37,"Dark","Dragon",300,52,65,50,45,50,38,0.5,1,0.5,2,0.5,2,1,0.5,2,2,0,0.5,0.5,1,1,1,4,1,"0","0","0",19094440
"113","Delibird",0.0181083333333333,3334,"Ice","Flying",330,45,55,45,65,45,75,0.5,1,1,1,2,1,1,2,0.5,1,1,1,1,1,4,2,1,0,"0","1","1",19094440
"114","Delphox",0.386458333333333,76470,"Fire","Psychic",534,75,69,72,114,100,104,0.5,1,2,1,1,0.5,1,0.5,1,0.5,0.5,2,2,1,2,0.5,0.5,2,"0","0","0",19094440
"115","Dewott",0.00163833333333333,296,"Water","",413,75,75,60,83,60,60,2,1,0.5,1,2,1,1,0.5,1,0.5,1,1,1,1,1,0.5,1,1,"1","0","0",19094440
"116","Diancie",0.471973333333333,94246,"Rock","Fairy",600,50,100,150,100,150,50,2,0.5,2,0,1,1,1,0.5,0.5,1,1,1,0.5,0.5,1,4,1,2,"0","0","1",19094440
"117","Diglett",0.00222833333333333,430,"Ground","",265,10,55,25,35,45,95,2,1,2,1,0,1,0.5,1,1,2,1,1,1,1,0.5,1,1,1,"0","0","1",19094440
"118","Diglett-Alola",0.00035,66,"Ground","Steel",265,10,55,30,35,45,90,1,0.5,2,0.5,0,2,0,2,0.5,1,0.5,1,1,0.5,0.25,0.5,0.5,2,"0","0","1",19094440
"119","Dipplin",0.710373333333333,76683,"Grass","Dragon",485,80,80,110,95,80,40,0.25,1,0.25,2,0.25,1,2,1,2,4,1,1,1,2,1,1,2,0.5,"0","0","0",19094440
"120","Ditto",1.07635,206916,"Normal","",288,48,48,48,48,48,48,1,1,1,1,1,2,1,1,1,1,1,0,1,1,1,1,1,1,"0","0","0",19094440
"121","Dolliv",0.00158833333333333,297,"Grass","Normal",354,52,53,60,78,78,33,0.5,1,0.5,1,0.5,2,2,2,2,2,1,0,1,2,1,1,1,0.5,"0","0","0",19094440
"122","Dondozo",5.22056166666667,972405,"Water","",530,150,100,115,65,65,35,2,1,0.5,1,2,1,1,0.5,1,0.5,1,1,1,1,1,0.5,1,1,"0","0","0",19094440
"123","Donphan",0.386951666666667,72127,"Ground","",500,90,120,120,60,60,50,2,1,2,1,0,1,0.5,1,1,2,1,1,1,1,0.5,1,1,1,"0","1","1",19094440
"124","Dragalge",0.182783333333333,33557,"Poison","Dragon",494,65,75,90,97,123,44,0.25,1,0.5,2,0.5,0.5,0.5,0.5,0.5,2,2,1,1,1,1,1,1,2,"1","0","1",19094440
"125","Dragapult",19.9708,3793009,"Dragon","Ghost",600,88,120,75,100,75,142,0.5,0,0.5,2,0.5,0,0.5,0.5,0.5,2,1,2,2,1,1,1,2,1,"1","0","0",19094440
"126","Dragonair",0.01047,1888,"Dragon","",420,61,84,65,70,70,70,0.5,1,0.5,2,0.5,1,1,0.5,1,2,1,1,1,1,1,1,2,1,"0","0","0",19094440
"127","Dragonite",10.337415,1946466,"Dragon","Flying",600,91,134,95,100,100,80,0.25,1,0.5,2,1,0.5,1,0.5,0.5,4,1,1,1,1,2,1,2,0,"0","0","0",19094440
"128","Drakloak",0.00317,611,"Dragon","Ghost",410,68,80,50,60,50,102,0.5,0,0.5,2,0.5,0,0.5,0.5,0.5,2,1,2,2,1,1,1,2,1,"1","0","0",19094440
"129","Dratini",0.000631666666666667,114,"Dragon","",300,41,64,45,50,50,50,0.5,1,0.5,2,0.5,1,1,0.5,1,2,1,1,1,1,1,1,2,1,"0","0","0",19094440
"130","Drednaw",0.15007,28282,"Water","Rock",485,90,115,90,48,68,74,4,0.5,1,1,2,2,0.5,0.25,1,0.5,1,1,1,0.5,1,1,1,2,"0","0","1",19094440
"131","Dreepy",0.000293333333333333,54,"Dragon","Ghost",270,28,60,30,40,30,82,0.5,0,0.5,2,0.5,0,0.5,0.5,0.5,2,1,2,2,1,1,1,2,1,"0","0","0",19094440
"132","Drifblim",0.341698333333333,63169,"Ghost","Flying",498,150,80,44,90,54,80,0.5,0,1,1,2,0,0.5,1,0.25,2,1,2,2,1,2,1,1,0,"0","1","0",19094440
"133","Drifloon",0.006695,1266,"Ghost","Flying",348,90,50,34,60,44,70,0.5,0,1,1,2,0,0.5,1,0.25,2,1,2,2,1,2,1,1,0,"0","1","0",19094440
"134","Drizzile",0.000278,42,"Water","",420,65,60,55,95,55,90,2,1,0.5,1,2,1,1,0.5,1,0.5,1,1,1,1,1,0.5,1,1,"1","0","0",19094440
"135","Drowzee",0.00114166666666667,238,"Psychic","",328,60,48,45,43,90,42,1,1,1,1,1,0.5,1,1,2,1,0.5,2,2,1,1,1,1,1,"0","0","0",19094440
"136","Ducklett",0.00238666666666667,233,"Water","Flying",305,62,44,50,44,50,55,1,1,0.5,1,4,0.5,1,0.5,0.5,1,1,1,1,1,2,0.5,1,0,"0","1","0",19094440
"137","Dudunsparce",0.200371666666667,37189,"Normal","",520,125,100,80,85,75,55,1,1,1,1,1,2,1,1,1,1,1,0,1,1,1,1,1,1,"0","0","1",19094440
"138","Dugtrio",0.0421333333333333,7939,"Ground","",425,35,100,50,50,70,120,2,1,2,1,0,1,0.5,1,1,2,1,1,1,1,0.5,1,1,1,"0","0","1",19094440
"139","Dugtrio-Alola",0.08033,16330,"Ground","Steel",425,35,100,60,50,70,110,1,0.5,2,0.5,0,2,0,2,0.5,1,0.5,1,1,0.5,0.25,0.5,0.5,2,"0","0","1",19094440
"140","Dunsparce",0.05216,9717,"Normal","",415,100,70,70,65,65,45,1,1,1,1,1,2,1,1,1,1,1,0,1,1,1,1,1,1,"0","0","1",19094440
"141","Dusclops",0.22,22190,"Ghost","",455,40,70,130,60,130,25,1,0,1,1,1,0,0.5,1,0.5,1,1,2,2,1,1,1,1,1,"0","0","0",19094440
"142","Dusknoir",0.277696666666667,29092,"Ghost","",525,45,100,135,65,135,45,1,0,1,1,1,0,0.5,1,0.5,1,1,2,2,1,1,1,1,1,"0","0","0",19094440
"143","Duskull",0.00226333333333333,221,"Ghost","",295,20,40,90,30,90,25,1,0,1,1,1,0,0.5,1,0.5,1,1,2,2,1,1,1,1,1,"0","0","0",19094440
"144","Eelektrik",0.00253666666666667,451,"Electric","",405,65,85,70,75,70,40,1,1,1,1,0.5,1,1,1,1,1,1,1,1,0.5,1,0.5,1,2,"1","0","0",19094440
"145","Eelektross",0.216511666666667,39775,"Electric","",515,85,115,80,105,80,50,1,1,1,1,0.5,1,1,1,1,1,1,1,1,0.5,1,0.5,1,2,"1","0","0",19094440
"146","Eevee",0.00834166666666667,1511,"Normal","",325,55,55,50,45,65,55,1,1,1,1,1,2,1,1,1,1,1,0,1,1,1,1,1,1,"0","0","0",19094440
"147","Eiscue",0.131396666666667,24394,"Ice","",470,75,80,110,65,90,50,1,1,1,1,1,2,1,2,1,0.5,1,1,1,1,2,2,1,1,"1","0","0",19094440
"148","Ekans",0.00176,182,"Poison","",288,35,60,44,40,54,55,0.5,1,1,1,1,0.5,0.5,1,0.5,1,2,1,1,1,1,1,0.5,2,"0","0","1",19094440
"149","Electrode",0.0428683333333333,7939,"Electric","",490,60,50,70,80,80,150,1,1,1,1,0.5,1,1,1,1,1,1,1,1,0.5,1,0.5,1,2,"1","0","0",19094440
"150","Electrode-Hisui",1.015735,207828,"Fire","Rock",350,60,75,45,65,50,55,1,0.5,4,1,1,2,0.5,0.25,0.5,0.5,1,1,1,0.5,2,1,0.5,4,"0","0","1",19094440
"151","Empoleon",4.92444666666667,509109,"Water","Steel",530,84,86,88,111,101,60,1,0.5,0.5,0.5,2,2,0,1,0.5,0.25,0.5,1,1,0.5,0.5,0.25,0.5,2,"1","0","1",19094440
"152","Enamorus",10.74236,2010811,"Fairy","Flying",580,74,115,70,135,80,106,0.5,1,1,0,2,0.25,2,1,0.25,2,1,1,0.5,1,2,2,1,0,"0","0","0",19094440
"153","Enamorus-Therian",1.66762833333333,329089,"Flying","",580,79,100,80,110,90,121,0.5,1,1,1,2,0.5,1,1,0.5,2,1,1,1,1,2,1,1,0,"1","0","0",19094440
"154","Espeon",0.888195,166635,"Psychic","",525,65,65,60,130,95,110,1,1,1,1,1,0.5,1,1,2,1,0.5,2,2,1,1,1,1,1,"0","1","0",19094440
"155","Falinks",0.05036,9187,"Fighting","",470,65,100,100,70,60,75,1,1,1,1,1,1,1,1,0.5,1,2,1,0.5,2,0.5,1,2,1,"0","0","0",19094440
"156","Farigiraf",0.143408333333333,26512,"Normal","Psychic",520,120,90,70,110,70,60,1,1,1,1,1,1,1,1,2,1,0.5,0,2,1,1,1,1,1,"0","0","0",19094440
"157","Feebas",0.000893333333333333,90,"Water","",200,20,15,20,10,55,80,2,1,0.5,1,2,1,1,0.5,1,0.5,1,1,1,1,1,0.5,1,1,"0","0","0",19094440
"158","Fennekin",0.000506666666666667,87,"Fire","",307,40,45,40,62,60,60,0.5,1,2,1,1,1,1,0.5,0.5,0.5,1,1,1,1,2,0.5,0.5,2,"0","0","0",19094440
"159","Fezandipiti",1.51457,164470,"Poison","Fairy",555,88,91,82,70,125,99,0.5,1,1,0,1,0.25,1,1,0.25,1,2,1,0.5,1,1,2,0.5,2,"1","0","0",19094440
"160","Fidough",0.000568333333333333,101,"Fairy","",312,37,55,70,30,55,65,1,1,1,0,1,0.5,2,1,0.5,1,1,1,0.5,1,1,2,1,1,"0","0","0",19094440
"161","Finizen",0.000923333333333333,165,"Water","",315,70,45,40,45,40,75,2,1,0.5,1,2,1,1,0.5,1,0.5,1,1,1,1,1,0.5,1,1,"0","0","0",19094440
"162","Finneon",0.000603333333333333,118,"Water","",330,49,49,56,49,61,66,2,1,0.5,1,2,1,1,0.5,1,0.5,1,1,1,1,1,0.5,1,1,"1","0","0",19094440
"163","Flaaffy",0.00138,231,"Electric","",365,70,55,55,80,60,45,1,1,1,1,0.5,1,1,1,1,1,1,1,1,0.5,1,0.5,1,2,"1","0","0",19094440
"164","Flabebe",0.000465,96,"Fairy","",303,44,38,39,61,79,42,1,1,1,0,1,0.5,2,1,0.5,1,1,1,0.5,1,1,2,1,1,"0","0","0",19094440
"165","Flamigo",0.149668333333333,27504,"Flying","Fighting",500,82,115,74,75,64,90,0.5,1,1,1,2,0.5,1,1,0.25,2,2,1,0.5,2,1,1,2,0,"1","0","0",19094440
"166","Flapple",0.040455,7515,"Grass","Dragon",485,70,110,80,95,60,70,0.25,1,0.25,2,0.25,1,2,1,2,4,1,1,1,2,1,1,2,0.5,"1","0","0",19094440
"167","Flareon",0.0914766666666667,17102,"Fire","",525,65,130,60,95,110,65,0.5,1,2,1,1,1,1,0.5,0.5,0.5,1,1,1,1,2,0.5,0.5,2,"0","0","0",19094440
"168","Fletchinder",0.00346333333333333,672,"Fire","Flying",382,62,73,55,56,52,84,0.25,1,2,1,2,0.5,1,0.5,0.25,1,1,1,1,1,4,0.5,0.5,0,"1","1","0",19094440
"169","Fletchling",0.000838333333333333,143,"Normal","Flying",278,45,50,43,40,38,62,0.5,1,1,1,2,1,1,1,0.5,2,1,0,1,1,2,1,1,0,"1","1","0",19094440
"170","Flittle",0.00513,951,"Psychic","",255,30,35,30,55,30,75,1,1,1,1,1,0.5,1,1,2,1,0.5,2,2,1,1,1,1,1,"1","0","0",19094440
"171","Floatzel",0.691118333333333,135521,"Water","",495,85,105,55,85,50,115,2,1,0.5,1,2,1,1,0.5,1,0.5,1,1,1,1,1,0.5,1,1,"1","0","0",19094440
"172","Floette",0.00119166666666667,207,"Fairy","",371,54,45,47,75,98,52,1,1,1,0,1,0.5,2,1,0.5,1,1,1,0.5,1,1,2,1,1,"0","0","0",19094440
"173","Floragato",0.00191,379,"Grass","",410,61,80,63,60,63,83,0.5,1,0.5,1,0.5,1,2,2,2,2,1,1,1,2,1,1,1,0.5,"1","0","0",19094440
"174","Florges",0.198948333333333,37416,"Fairy","",552,78,65,68,112,154,75,1,1,1,0,1,0.5,2,1,0.5,1,1,1,0.5,1,1,2,1,1,"0","0","0",19094440
"175","Fomantis",0.000225,38,"Grass","",250,40,55,35,50,35,35,0.5,1,0.5,1,0.5,1,2,2,2,2,1,1,1,2,1,1,1,0.5,"0","1","0",19094440
"176","Foongus",0.00192333333333333,364,"Grass","Poison",294,69,55,45,55,55,15,0.25,1,0.5,1,0.5,0.5,1,2,1,2,2,1,1,2,1,1,0.5,1,"0","0","0",19094440
"177","Forretress",0.685213333333333,128541,"Bug","Steel",465,75,90,140,60,60,40,0.25,0.5,1,0.5,1,1,0,4,0.5,0.5,0.5,1,1,1,1,0.5,0.5,1,"1","1","1",19094440
"178","Fraxure",0.00234166666666667,412,"Dragon","",410,66,117,70,40,50,67,0.5,1,0.5,2,0.5,1,1,0.5,1,2,1,1,1,1,1,1,2,1,"0","0","0",19094440
"179","Frigibax",0.000465,85,"Dragon","Ice",320,65,75,45,35,45,55,0.5,1,0.5,2,0.5,2,1,1,1,1,1,1,1,1,2,2,2,1,"0","0","0",19094440
"180","Froakie",0.000691666666666667,128,"Water","",314,41,56,40,62,44,71,2,1,0.5,1,2,1,1,0.5,1,0.5,1,1,1,1,1,0.5,1,1,"1","0","1",19094440
"181","Frogadier",0.003395,634,"Water","",405,54,63,52,83,56,97,2,1,0.5,1,2,1,1,0.5,1,0.5,1,1,1,1,1,0.5,1,1,"1","0","1",19094440
"182","Froslass",0.173976666666667,32642,"Ice","Ghost",480,70,80,70,80,70,110,1,0,1,1,1,0,0.5,2,0.5,0.5,1,2,2,1,2,2,1,1,"0","0","1",19094440
"183","Frosmoth",0.529955,98438,"Ice","Bug",475,70,65,60,125,90,65,0.5,1,1,1,1,1,1,4,1,0.5,1,1,1,2,4,2,1,0.5,"1","1","0",19094440
"184","Fuecoco",0.003535,702,"Fire","",310,67,45,59,63,40,36,0.5,1,2,1,1,1,1,0.5,0.5,0.5,1,1,1,1,2,0.5,0.5,2,"0","0","0",19094440
"185","Furret",0.235273333333333,25133,"Normal","",415,85,76,64,45,55,90,1,1,1,1,1,2,1,1,1,1,1,0,1,1,1,1,1,1,"1","1","0",19094440
"186","Gabite",0.003535,645,"Dragon","Ground",410,68,90,65,50,55,82,1,1,1,2,0,1,0.5,0.5,1,4,1,1,1,1,0.5,1,2,1,"0","0","1",19094440
"187","Gallade",0.530596666666667,98077,"Psychic","Fighting",518,68,125,65,65,115,80,1,1,1,1,1,0.5,1,1,1,1,1,2,1,2,0.5,1,2,1,"0","0","0",19094440
"188","Garchomp",6.21609666666667,1190343,"Dragon","Ground",600,108,130,95,80,85,102,1,1,1,2,0,1,0.5,0.5,1,4,1,1,1,1,0.5,1,2,1,"0","0","1",19094440
"189","Gardevoir",0.545486666666667,100874,"Psychic","Fairy",518,68,65,65,125,115,80,1,1,1,0,1,0.25,2,1,1,1,0.5,2,1,1,1,2,1,1,"0","0","0",19094440
"190","Garganacl",7.79193666666667,1446220,"Rock","",500,100,100,130,45,90,35,2,0.5,2,1,1,2,0.5,0.5,1,1,1,1,1,0.5,1,2,1,2,"0","0","1",19094440
"191","Gastly",0.00568166666666667,1049,"Ghost","Poison",310,30,35,30,100,35,80,0.5,0,1,1,1,0,0.25,1,0.25,1,2,2,2,1,1,1,0.5,2,"0","0","0",19094440
"192","Gastrodon",0.870558333333333,162777,"Water","Ground",475,111,83,68,92,82,39,4,1,1,1,0,1,0.5,0.5,1,1,1,1,1,1,0.5,0.5,1,1,"0","0","1",19094440
"193","Gengar",1.2504,233244,"Ghost","Poison",500,60,65,60,130,75,110,0.5,0,1,1,1,0,0.25,1,0.25,1,2,2,2,1,1,1,0.5,2,"0","0","1",19094440
"194","Geodude",0.00866,821,"Rock","Ground",300,40,80,100,30,30,20,4,0.5,4,1,0,2,0.25,0.5,1,2,1,1,1,0.5,0.5,2,1,2,"1","0","1",19094440
"195","Geodude-Alola",0.00408666666666667,377,"Rock","Electric",300,40,80,100,30,30,20,2,0.5,2,1,0.5,2,0.5,0.5,1,1,1,1,1,0.25,1,1,1,4,"1","0","1",19094440
"196","Gholdengo",21.957135,4137786,"Steel","Ghost",550,87,60,95,133,91,84,0.5,0,1,0.5,1,0,0,2,0.25,0.5,0.5,2,2,0.5,0.5,0.5,0.5,2,"0","0","0",19094440
"197","Gible",0.000928333333333333,174,"Dragon","Ground",300,58,70,45,40,45,42,1,1,1,2,0,1,0.5,0.5,1,4,1,1,1,1,0.5,1,2,1,"0","0","1",19094440
"198","Gimmighoul",0.000931666666666667,177,"Ghost","",300,45,30,70,75,70,10,1,0,1,1,1,0,0.5,1,0.5,1,1,2,2,1,1,1,1,1,"0","0","0",19094440
"199","Gimmighoul-Roaming",0.000788333333333333,158,"Ghost","",300,45,30,25,75,45,80,1,0,1,1,1,0,0.5,1,0.5,1,1,2,2,1,1,1,1,1,"0","0","0",19094440
"200","Girafarig",0.0144316666666667,2672,"Normal","Psychic",455,70,80,65,90,65,85,1,1,1,1,1,1,1,1,2,1,0.5,0,2,1,1,1,1,1,"0","0","0",19094440
"201","Glaceon",0.179933333333333,33111,"Ice","",525,65,60,110,130,95,65,1,1,1,1,1,2,1,2,1,0.5,1,1,1,1,2,2,1,1,"0","0","0",19094440
"202","Glalie",0.0116983333333333,2197,"Ice","",480,80,80,80,80,80,80,1,1,1,1,1,2,1,2,1,0.5,1,1,1,1,2,2,1,1,"0","0","1",19094440
"203","Glastrier",0.4423,91578,"Ice","",580,100,145,130,65,110,30,1,1,1,1,1,2,1,2,1,0.5,1,1,1,1,2,2,1,1,"0","0","0",19094440
"204","Gligar",0.0447466666666667,3927,"Ground","Flying",430,65,75,105,35,65,85,1,1,2,1,0,0.5,0.5,1,0.5,4,1,1,1,1,1,1,1,0,"1","0","1",19094440
"205","Glimmet",0.00765833333333333,1406,"Rock","Poison",350,48,35,42,105,60,60,1,0.5,2,1,1,1,0.25,0.5,0.5,1,2,1,1,0.5,1,2,0.5,4,"0","0","1",19094440
"206","Glimmora",8.623635,1638596,"Rock","Poison",525,83,55,90,130,81,86,1,0.5,2,1,1,1,0.25,0.5,0.5,1,2,1,1,0.5,1,2,0.5,4,"0","1","1",19094440
"207","Gliscor",14.08163,1413315,"Ground","Flying",510,75,95,125,45,75,95,1,1,2,1,0,0.5,0.5,1,0.5,4,1,1,1,1,1,1,1,0,"1","0","1",19094440
"208","Gogoat",0.04945,9218,"Grass","",531,123,100,62,97,81,68,0.5,1,0.5,1,0.5,1,2,2,2,2,1,1,1,2,1,1,1,0.5,"0","0","0",19094440
"209","Golduck",0.122393333333333,23598,"Water","",500,80,82,78,95,80,85,2,1,0.5,1,2,1,1,0.5,1,0.5,1,1,1,1,1,0.5,1,1,"1","0","0",19094440
"210","Golem",0.164096666666667,16593,"Rock","Ground",495,80,120,130,55,65,45,4,0.5,4,1,0,2,0.25,0.5,1,2,1,1,1,0.5,0.5,2,1,2,"1","0","1",19094440
"211","Golem-Alola",0.33104,34331,"Rock","Electric",495,80,120,130,55,65,45,2,0.5,2,1,0.5,2,0.5,0.5,1,1,1,1,1,0.25,1,1,1,4,"1","0","1",19094440
"212","Goodra",0.320755,61721,"Dragon","",600,90,100,70,110,150,80,0.5,1,0.5,2,0.5,1,1,0.5,1,2,1,1,1,1,1,1,2,1,"0","0","0",19094440
"213","Goodra-Hisui",3.26593,637843,"Fire","Rock",350,60,75,45,65,50,55,1,0.5,4,1,1,2,0.5,0.25,0.5,0.5,1,1,1,0.5,2,1,0.5,4,"0","0","1",19094440
"214","Goomy",0.00061,109,"Dragon","",300,45,50,35,55,75,40,0.5,1,0.5,2,0.5,1,1,0.5,1,2,1,1,1,1,1,1,2,1,"0","0","0",19094440
"215","Gothita",0.00120666666666667,202,"Psychic","",290,45,30,50,55,65,45,1,1,1,1,1,0.5,1,1,2,1,0.5,2,2,1,1,1,1,1,"0","0","0",19094440
"216","Gothitelle",0.0208083333333333,3846,"Psychic","",490,70,55,95,95,110,65,1,1,1,1,1,0.5,1,1,2,1,0.5,2,2,1,1,1,1,1,"0","0","0",19094440
"217","Gothorita",0.00187166666666667,326,"Psychic","",390,60,45,70,75,85,55,1,1,1,1,1,0.5,1,1,2,1,0.5,2,2,1,1,1,1,1,"0","0","0",19094440
"218","Grafaiai",0.43913,81825,"Poison","Normal",485,63,95,65,80,72,110,0.5,1,1,1,1,1,0.5,1,0.5,1,2,0,1,1,1,1,0.5,2,"1","0","0",19094440
"219","Graveler",0.00372333333333333,344,"Rock","Ground",390,55,95,115,45,45,35,4,0.5,4,1,0,2,0.25,0.5,1,2,1,1,1,0.5,0.5,2,1,2,"1","0","1",19094440
"220","Graveler-Alola",0.00304,303,"Rock","Electric",390,55,95,115,45,45,35,2,0.5,2,1,0.5,2,0.5,0.5,1,1,1,1,1,0.25,1,1,1,4,"1","0","1",19094440
"221","Great Tusk",32.959645,6228624,"Ground","Fighting",570,115,131,131,53,53,87,2,1,2,1,0,1,0.5,1,0.5,2,2,1,0.5,2,0.25,1,2,1,"0","1","1",19094440
"222","Greavard",0.000935,180,"Ghost","",290,50,61,60,30,55,34,1,0,1,1,1,0,0.5,1,0.5,1,1,2,2,1,1,1,1,1,"0","0","0",19094440
"223","Greedent",0.0293983333333333,5546,"Normal","",460,120,95,95,55,75,20,1,1,1,1,1,2,1,1,1,1,1,0,1,1,1,1,1,1,"0","0","0",19094440
"224","Greninja",7.286135,1326618,"Water","Dark",530,72,95,67,103,71,122,2,1,0.5,1,2,2,1,0.5,2,0.5,0,0.5,0.5,1,1,0.5,2,1,"1","0","1",19094440
"225","Grimer",0.00055,105,"Poison","",325,80,80,50,40,50,25,0.5,1,1,1,1,0.5,0.5,1,0.5,1,2,1,1,1,1,1,0.5,2,"0","0","0",19094440
"226","Grimer-Alola",0.00087,142,"Poison","Dark",325,80,80,50,40,50,25,0.5,1,1,1,1,1,0.5,1,1,1,0,0.5,0.5,1,1,1,1,2,"0","0","0",19094440
"227","Grimmsnarl",2.43239,465577,"Dark","Fairy",510,95,120,65,95,75,60,1,1,1,0,1,1,2,1,1,1,0,0.5,0.25,1,1,2,2,1,"0","0","0",19094440
"228","Grookey",0.00145666666666667,268,"Grass","",310,50,65,50,40,40,65,0.5,1,0.5,1,0.5,1,2,2,2,2,1,1,1,2,1,1,1,0.5,"1","0","0",19094440
"229","Grotle",0.00330333333333333,343,"Grass","",405,75,89,85,55,65,36,0.5,1,0.5,1,0.5,1,2,2,2,2,1,1,1,2,1,1,1,0.5,"0","0","1",19094440
"230","Growlithe",0.00105833333333333,190,"Fire","",350,55,70,45,70,50,60,0.5,1,2,1,1,1,1,0.5,0.5,0.5,1,1,1,1,2,0.5,0.5,2,"0","0","1",19094440
"231","Growlithe-Hisui",0.00129833333333333,248,"Fire","Rock",350,60,75,45,65,50,55,1,0.5,4,1,1,2,0.5,0.25,0.5,0.5,1,1,1,0.5,2,1,0.5,4,"0","0","1",19094440
"232","Grubbin",0.000916666666666667,81,"Bug","",300,47,62,45,55,45,46,0.5,1,1,1,1,0.5,1,2,1,1,1,1,1,2,2,1,1,0.5,"1","0","0",19094440
"233","Grumpig",0.0153833333333333,2907,"Psychic","",470,80,45,65,90,110,80,1,1,1,1,1,0.5,1,1,2,1,0.5,2,2,1,1,1,1,1,"0","0","0",19094440
"234","Gulpin",0.00146666666666667,267,"Poison","",302,70,43,53,43,53,40,0.5,1,1,1,1,0.5,0.5,1,0.5,1,2,1,1,1,1,1,0.5,2,"0","0","1",19094440
"235","Gumshoos",0.0171916666666667,3187,"Normal","",418,88,110,60,55,60,45,1,1,1,1,1,2,1,1,1,1,1,0,1,1,1,1,1,1,"1","0","0",19094440
"236","Gurdurr",0.01609,1573,"Fighting","",405,85,105,85,40,50,40,1,1,1,1,1,1,1,1,0.5,1,2,1,0.5,2,0.5,1,2,1,"0","1","0",19094440
"237","Gyarados",0.923593333333333,171947,"Water","Flying",540,95,125,79,60,100,81,1,1,0.5,1,4,0.5,1,0.5,0.5,1,1,1,1,1,2,0.5,1,0,"0","0","0",19094440
"238","Hakamo-o",0.00166333333333333,161,"Fire","",420,70,70,70,70,70,70,0.5,1,2,1,1,1,1,0.5,0.5,0.5,1,1,1,1,2,0.5,0.5,2,"0","0","0",19094440
"239","Happiny",0.000875,173,"Normal","",220,100,5,5,15,65,30,1,1,1,1,1,2,1,1,1,1,1,0,1,1,1,1,1,1,"0","0","0",19094440
"240","Hariyama",0.119255,21677,"Fighting","",474,144,120,60,40,60,50,1,1,1,1,1,1,1,1,0.5,1,2,1,0.5,2,0.5,1,2,1,"0","0","0",19094440
"241","Hatenna",0.001615,311,"Psychic","",265,42,30,45,56,53,39,1,1,1,1,1,0.5,1,1,2,1,0.5,2,2,1,1,1,1,1,"0","1","0",19094440
"242","Hatterene",7.39060666666667,1400181,"Psychic","Fairy",510,57,90,95,136,103,29,1,1,1,0,1,0.25,2,1,1,1,0.5,2,1,1,1,2,1,1,"0","1","0",19094440
"243","Hattrem",0.01665,3139,"Psychic","",370,57,40,65,86,73,49,1,1,1,1,1,0.5,1,1,2,1,0.5,2,2,1,1,1,1,1,"0","1","0",19094440
"244","Haunter",0.0456016666666667,8628,"Ghost","Poison",405,45,50,45,115,55,95,0.5,0,1,1,1,0,0.25,1,0.25,1,2,2,2,1,1,1,0.5,2,"0","0","1",19094440
"245","Hawlucha",0.800323333333333,147014,"Fighting","Flying",500,78,92,75,74,63,118,0.5,1,1,1,2,0.5,1,1,0.25,2,2,1,0.5,2,1,1,2,0,"1","1","0",19094440
"246","Haxorus",0.809978333333333,152381,"Dragon","",540,76,147,90,60,70,97,0.5,1,0.5,2,0.5,1,1,0.5,1,2,1,1,1,1,1,1,2,1,"0","0","0",19094440
"247","Heatran",7.65194666666667,1440697,"Fire","Steel",600,91,90,106,130,106,77,0.25,0.5,2,0.5,1,2,0,1,0.25,0.25,0.5,1,1,0.5,1,0.25,0.25,4,"0","0","1",19094440
"248","Heracross",0.22925,42344,"Bug","Fighting",500,80,125,75,40,95,85,0.5,1,1,1,1,0.5,1,2,0.5,1,2,1,0.5,4,1,1,2,0.5,"0","0","1",19094440
"249","Hippopotas",0.001725,303,"Ground","",330,68,72,78,38,42,32,2,1,2,1,0,1,0.5,1,1,2,1,1,1,1,0.5,1,1,1,"0","0","1",19094440
"250","Hippowdon",0.334965,63531,"Ground","",525,108,112,118,68,72,47,2,1,2,1,0,1,0.5,1,1,2,1,1,1,1,0.5,1,1,1,"0","0","1",19094440
"251","Honchkrow",0.10662,19753,"Dark","Flying",505,100,125,52,105,52,71,0.5,1,1,1,2,1,1,1,1,2,0,0.5,0.5,1,2,1,2,0,"1","0","0",19094440
"252","Hoopa",0.0906033333333333,18226,"Psychic","Ghost",600,80,110,60,150,130,70,1,0,1,1,1,0,0.5,1,1,1,0.5,4,4,1,1,1,1,1,"0","0","0",19094440
"253","Hoopa-Unbound",3.80322333333333,725027,"Psychic","Dark",680,80,160,60,170,130,80,1,1,1,1,1,1,1,1,4,1,0,1,1,1,1,1,2,1,"0","0","0",19094440
"254","Hoothoot",0.000645,48,"Normal","Flying",262,60,30,30,36,56,50,0.5,1,1,1,2,1,1,1,0.5,2,1,0,1,1,2,1,1,0,"0","1","0",19094440
"255","Hoppip",0.00140333333333333,242,"Grass","Flying",250,35,35,40,35,55,50,0.25,1,0.5,1,1,0.5,2,2,1,4,1,1,1,2,2,1,1,0,"1","0","0",19094440
"256","Houndoom",0.106455,19602,"Dark","Fire",500,75,90,50,110,80,95,0.5,1,2,1,1,2,1,0.5,1,0.5,0,0.5,0.5,1,2,0.5,1,2,"0","0","0",19094440
"257","Houndour",0.000961666666666667,157,"Dark","Fire",330,45,60,30,80,50,65,0.5,1,2,1,1,2,1,0.5,1,0.5,0,0.5,0.5,1,2,0.5,1,2,"0","0","0",19094440
"258","Houndstone",0.303621666666667,58856,"Ghost","",488,72,101,100,50,97,68,1,0,1,1,1,0,0.5,1,0.5,1,1,2,2,1,1,1,1,1,"0","0","0",19094440
"259","Hydreigon",1.53556333333333,292857,"Dark","Dragon",600,92,105,90,125,90,98,0.5,1,0.5,2,0.5,2,1,0.5,2,2,0,0.5,0.5,1,1,1,4,1,"1","0","1",19094440
"260","Hypno",0.0224216666666667,4201,"Psychic","",483,85,73,70,73,115,67,1,1,1,1,1,0.5,1,1,2,1,0.5,2,2,1,1,1,1,1,"0","0","0",19094440
"261","Igglybuff",0.00137666666666667,256,"Normal","Fairy",210,90,30,15,40,20,15,1,1,1,0,1,1,2,1,0.5,1,1,0,0.5,1,1,2,1,1,"0","0","0",19094440
"262","Illumise",0.10294,10765,"Bug","",430,65,47,75,73,85,85,0.5,1,1,1,1,0.5,1,2,1,1,1,1,1,2,2,1,1,0.5,"1","0","0",19094440
"263","Impidimp",0.00177,334,"Dark","Fairy",265,45,45,30,55,40,50,1,1,1,0,1,1,2,1,1,1,0,0.5,0.25,1,1,2,2,1,"0","0","0",19094440
"264","Indeedee",0.851825,160448,"Psychic","Normal",475,60,65,55,105,95,95,1,1,1,1,1,1,1,1,2,1,0.5,0,2,1,1,1,1,1,"0","0","0",19094440
"265","Indeedee-F",0.160336666666667,30396,"Poison","",275,55,47,52,40,40,41,0.5,1,1,1,1,0.5,0.5,1,0.5,1,2,1,1,1,1,1,0.5,2,"0","0","0",19094440
"266","Infernape",1.96112,202939,"Fire","Fighting",534,76,104,71,104,71,108,0.5,1,2,1,1,1,1,0.5,0.25,0.5,2,1,0.5,2,1,0.5,1,2,"1","0","1",19094440
"267","Inteleon",0.376358333333333,71047,"Water","",530,70,85,65,125,65,120,2,1,0.5,1,2,1,1,0.5,1,0.5,1,1,1,1,1,0.5,1,1,"1","0","0",19094440
"268","Iron Hands",2.07988166666667,383803,"Fighting","Electric",570,154,140,108,50,68,50,1,1,1,1,0.5,1,1,1,0.5,1,2,1,0.5,1,0.5,0.5,2,2,"1","0","0",19094440
"269","Iron Jugulis",0.605003333333333,107018,"Dark","Flying",570,94,80,86,122,80,108,0.5,1,1,1,2,1,1,1,1,2,0,0.5,0.5,1,2,1,2,0,"1","0","0",19094440
"270","Iron Leaves",0.366546666666667,68493,"Grass","Psychic",590,90,130,88,70,108,104,0.5,1,0.5,1,0.5,0.5,2,2,4,2,0.5,2,2,2,1,1,1,0.5,"0","0","0",19094440
"271","Iron Moth",10.72799,2032284,"Fire","Poison",570,80,70,60,140,110,110,0.25,1,2,1,1,0.5,0.5,0.5,0.25,0.5,2,1,1,1,2,0.5,0.25,4,"1","0","1",19094440
"272","Iron Thorns",0.211101666666667,38658,"Rock","Electric",570,100,134,110,70,84,72,2,0.5,2,1,0.5,2,0.5,0.5,1,1,1,1,1,0.25,1,1,1,4,"1","0","1",19094440
"273","Iron Treads",4.752025,921852,"Ground","Steel",570,90,112,120,72,70,106,1,0.5,2,0.5,0,2,0,2,0.5,1,0.5,1,1,0.5,0.25,0.5,0.5,2,"1","1","1",19094440
"274","Iron Valiant",19.4392466666667,3609982,"Fairy","Fighting",590,74,130,90,120,60,116,1,1,1,0,1,0.5,2,1,0.25,1,2,1,0.25,2,0.5,2,2,1,"0","0","0",19094440
"275","Jangmo-o",0.000386666666666667,40,"Fire","",420,70,70,70,70,70,70,0.5,1,2,1,1,1,1,0.5,0.5,0.5,1,1,1,1,2,0.5,0.5,2,"0","0","0",19094440
"276","Jigglypuff",0.00416666666666667,783,"Normal","Fairy",270,115,45,20,45,25,20,1,1,1,0,1,1,2,1,0.5,1,1,0,0.5,1,1,2,1,1,"0","0","1",19094440
"277","Jirachi",1.57629333333333,162728,"Steel","Psychic",600,100,100,100,100,100,100,0.5,0.5,1,0.5,1,1,0,2,1,0.5,0.25,2,2,0.5,0.5,0.5,0.5,2,"0","0","1",19094440
"278","Jolteon",0.50608,94927,"Electric","",525,65,65,60,110,95,130,1,1,1,1,0.5,1,1,1,1,1,1,1,1,0.5,1,0.5,1,2,"1","0","0",19094440
"279","Jumpluff",0.0802766666666667,15174,"Grass","Flying",460,75,55,70,55,95,110,0.25,1,0.5,1,1,0.5,2,2,1,4,1,1,1,2,2,1,1,0,"1","0","0",19094440
"280","Kilowattrel",0.595606666666667,113926,"Electric","Flying",490,70,70,60,105,60,125,0.5,1,1,1,1,0.5,1,1,0.5,2,1,1,1,0.5,2,0.5,1,0,"1","0","0",19094440
"281","Kingambit",26.288155,4908968,"Dark","Steel",550,100,135,120,60,85,50,0.5,0.5,1,0.5,1,4,0,2,1,0.5,0,0.5,0.5,0.5,0.5,0.5,1,2,"0","0","1",19094440
"282","Kirlia",0.00281833333333333,496,"Psychic","Fairy",278,38,35,35,65,55,50,1,1,1,0,1,0.25,2,1,1,1,0.5,2,1,1,1,2,1,1,"0","0","0",19094440
"283","Klawf",0.0779316666666667,14524,"Rock","",450,70,100,115,35,55,75,2,0.5,2,1,1,2,0.5,0.5,1,1,1,1,1,0.5,1,2,1,2,"0","0","1",19094440
"284","Kleavor",2.08939166666667,427506,"Bug","Rock",500,70,130,95,45,75,85,1,0.5,2,1,1,1,0.5,1,1,1,1,1,1,1,2,2,1,1,"1","1","1",19094440
"285","Klefki",0.444246666666667,83630,"Steel","Fairy",470,57,80,91,80,87,75,0.5,0.5,1,0,1,1,0,2,0.25,0.5,0.5,1,0.5,0.5,0.5,1,0.5,2,"0","0","1",19094440
"286","Koffing",0.00470333333333333,456,"Poison","",340,40,65,95,60,45,35,0.5,1,1,1,1,0.5,0.5,1,0.5,1,2,1,1,1,1,1,0.5,2,"0","0","1",19094440
"287","Komala",0.08416,15757,"Normal","",480,65,115,65,75,95,65,1,1,1,1,1,2,1,1,1,1,1,0,1,1,1,1,1,1,"1","1","0",19094440
"288","Kommo-o",3.82672666666667,386063,"Fire","",420,70,70,70,70,70,70,0.5,1,2,1,1,1,1,0.5,0.5,0.5,1,1,1,1,2,0.5,0.5,2,"0","0","0",19094440
"289","Kricketot",0.000635,113,"Bug","",194,37,25,41,25,41,25,0.5,1,1,1,1,0.5,1,2,1,1,1,1,1,2,2,1,1,0.5,"0","0","0",19094440
"290","Kricketune",0.043965,8294,"Bug","",384,77,85,51,55,51,65,0.5,1,1,1,1,0.5,1,2,1,1,1,1,1,2,2,1,1,0.5,"0","0","0",19094440
"291","Krokorok",0.00157833333333333,296,"Ground","Dark",351,60,82,45,45,45,74,2,1,2,1,0,2,0.5,1,2,2,0,0.5,0.5,1,0.5,1,2,1,"0","0","1",19094440
"292","Krookodile",0.263981666666667,49381,"Ground","Dark",519,95,117,80,65,70,92,2,1,2,1,0,2,0.5,1,2,2,0,0.5,0.5,1,0.5,1,2,1,"0","0","1",19094440
"293","Kubfu",0.001515,299,"Fighting","",385,60,90,60,53,50,72,1,1,1,1,1,1,1,1,0.5,1,2,1,0.5,2,0.5,1,2,1,"1","0","0",19094440
"294","Lampent",0.00208666666666667,195,"Ghost","Fire",370,60,40,60,95,60,55,0.5,0,2,1,1,0,0.5,0.5,0.25,0.5,1,2,2,1,2,0.5,0.5,2,"0","0","0",19094440
"295","Landorus-Therian",9.710585,1837786,"Flying","",580,79,100,80,110,90,121,0.5,1,1,1,2,0.5,1,1,0.5,2,1,1,1,1,2,1,1,0,"1","0","0",19094440
"296","Larvesta",0.00184,332,"Bug","Fire",360,55,85,55,50,55,60,0.25,1,2,1,1,0.5,1,1,0.5,0.5,1,1,1,2,4,0.5,0.5,1,"1","0","0",19094440
"297","Larvitar",0.000743333333333333,132,"Rock","Ground",300,50,64,50,45,50,41,4,0.5,4,1,0,2,0.25,0.5,1,2,1,1,1,0.5,0.5,2,1,2,"0","0","1",19094440
"298","Leafeon",0.146541666666667,28086,"Grass","",525,65,110,130,60,65,95,0.5,1,0.5,1,0.5,1,2,2,2,2,1,1,1,2,1,1,1,0.5,"0","0","0",19094440
"299","Leavanny",0.26922,27969,"Bug","Grass",500,75,103,80,70,80,92,0.25,1,0.5,1,0.5,0.5,2,4,2,2,1,1,1,4,2,1,1,0.25,"0","0","0",19094440
"300","Lechonk",0.00649833333333333,1187,"Normal","",254,54,45,40,35,45,35,1,1,1,1,1,2,1,1,1,1,1,0,1,1,1,1,1,1,"0","0","0",19094440
"301","Lilligant",0.133158333333333,24992,"Grass","",480,70,60,75,110,75,90,0.5,1,0.5,1,0.5,1,2,2,2,2,1,1,1,2,1,1,1,0.5,"0","1","0",19094440
"302","Lilligant-Hisui",3.00104666666667,598091,"Fire","Rock",350,60,75,45,65,50,55,1,0.5,4,1,1,2,0.5,0.25,0.5,0.5,1,1,1,0.5,2,1,0.5,4,"0","0","1",19094440
"303","Litleo",0.000851666666666667,157,"Fire","Normal",369,62,50,58,73,54,72,0.5,1,2,1,1,2,1,0.5,0.5,0.5,1,0,1,1,2,0.5,0.5,2,"0","0","0",19094440
"304","Litwick",0.0023,245,"Ghost","Fire",275,50,30,55,65,55,20,0.5,0,2,1,1,0,0.5,0.5,0.25,0.5,1,2,2,1,2,0.5,0.5,2,"0","0","0",19094440
"305","Lokix",0.921226666666667,172408,"Bug","Dark",450,71,102,78,52,55,92,0.5,1,1,1,1,1,1,2,2,1,0,0.5,0.5,2,2,1,2,0.5,"1","0","0",19094440
"306","Lombre",9e-04,79,"Water","Grass",340,60,50,50,60,70,50,1,1,0.25,1,1,1,2,1,2,1,1,1,1,2,1,0.5,1,0.5,"0","0","0",19094440
"307","Lotad",0.000456666666666667,46,"Water","Grass",220,40,30,30,40,50,30,1,1,0.25,1,1,1,2,1,2,1,1,1,1,2,1,0.5,1,0.5,"0","0","0",19094440
"308","Lucario",0.536148333333333,100163,"Fighting","Steel",525,70,110,70,115,70,90,0.5,0.5,1,0.5,1,2,0,2,0.25,0.5,1,1,0.5,1,0.25,0.5,1,2,"0","0","0",19094440
"309","Ludicolo",0.335276666666667,34365,"Water","Grass",480,80,70,70,90,100,70,1,1,0.25,1,1,1,2,1,2,1,1,1,1,2,1,0.5,1,0.5,"0","0","0",19094440
"310","Lumineon",0.0210966666666667,3914,"Water","",460,69,69,76,69,86,91,2,1,0.5,1,2,1,1,0.5,1,0.5,1,1,1,1,1,0.5,1,1,"1","0","0",19094440
"311","Lurantis",0.138211666666667,25740,"Grass","",480,70,105,90,80,90,45,0.5,1,0.5,1,0.5,1,2,2,2,2,1,1,1,2,1,1,1,0.5,"0","1","0",19094440
"312","Luvdisc",0.00581833333333333,1044,"Water","",330,43,30,55,40,65,97,2,1,0.5,1,2,1,1,0.5,1,0.5,1,1,1,1,1,0.5,1,1,"1","0","0",19094440
"313","Luxio",0.000655,122,"Electric","",363,60,85,49,60,49,60,1,1,1,1,0.5,1,1,1,1,1,1,1,1,0.5,1,0.5,1,2,"1","0","0",19094440
"314","Luxray",0.08482,15763,"Electric","",523,80,120,79,95,79,70,1,1,1,1,0.5,1,1,1,1,1,1,1,1,0.5,1,0.5,1,2,"1","0","0",19094440
"315","Lycanroc",0.132043333333333,24892,"Rock","",487,75,115,65,55,65,112,2,0.5,2,1,1,2,0.5,0.5,1,1,1,1,1,0.5,1,2,1,2,"0","0","1",19094440
"316","Lycanroc-Dusk",0.38249,70330,"Rock","",487,75,117,65,55,65,110,2,0.5,2,1,1,2,0.5,0.5,1,1,1,1,1,0.5,1,2,1,2,"0","0","1",19094440
"317","Lycanroc-Midnight",0.0450816666666667,8434,"Rock","",487,85,115,75,55,75,82,2,0.5,2,1,1,2,0.5,0.5,1,1,1,1,1,0.5,1,2,1,2,"0","0","1",19094440
"318","Mabosstiff",0.0708966666666667,13084,"Dark","",505,80,120,90,60,70,85,1,1,1,1,1,2,1,1,2,1,0,0.5,0.5,1,1,1,2,1,"0","0","0",19094440
"319","Magcargo",0.13551,14020,"Fire","Rock",430,60,50,120,90,80,30,1,0.5,4,1,1,2,0.5,0.25,0.5,0.5,1,1,1,0.5,2,1,0.5,4,"0","0","1",19094440
"320","Magearna",6.2781,251044,"Steel","Fairy",600,80,95,115,130,115,65,0.5,0.5,1,0,1,1,0,2,0.25,0.5,0.5,1,0.5,0.5,0.5,1,0.5,2,"1","0","1",19094440
"321","Magikarp",0.00587166666666667,1101,"Water","",200,20,10,55,15,20,80,2,1,0.5,1,2,1,1,0.5,1,0.5,1,1,1,1,1,0.5,1,1,"0","0","0",19094440
"322","Magnemite",0.00915666666666667,1622,"Electric","Steel",325,25,35,70,95,55,45,0.5,0.5,1,0.5,0.5,2,0,2,0.5,0.5,0.5,1,1,0.25,0.5,0.25,0.5,4,"1","0","0",19094440
"323","Magneton",0.0471583333333333,8667,"Electric","Steel",465,50,60,95,120,70,70,0.5,0.5,1,0.5,0.5,2,0,2,0.5,0.5,0.5,1,1,0.25,0.5,0.25,0.5,4,"1","0","0",19094440
"324","Magnezone",0.935483333333333,177603,"Electric","Steel",535,70,70,115,130,90,60,0.5,0.5,1,0.5,0.5,2,0,2,0.5,0.5,0.5,1,1,0.25,0.5,0.25,0.5,4,"1","0","0",19094440
"325","Makuhita",0.000528333333333333,92,"Fighting","",237,72,60,30,20,30,25,1,1,1,1,1,1,1,1,0.5,1,2,1,0.5,2,0.5,1,2,1,"0","0","0",19094440
"326","Mamoswine",1.69498666666667,172653,"Ice","Ground",530,110,130,80,70,60,80,2,1,2,1,0,2,0.5,2,1,1,1,1,1,1,1,2,1,1,"0","0","1",19094440
"327","Manaphy",6.81898,683394,"Water","",600,100,100,100,100,100,100,2,1,0.5,1,2,1,1,0.5,1,0.5,1,1,1,1,1,0.5,1,1,"1","0","0",19094440
"328","Mandibuzz",2.67041,263463,"Dark","Flying",510,110,65,105,55,95,80,0.5,1,1,1,2,1,1,1,1,2,0,0.5,0.5,1,2,1,2,0,"1","1","0",19094440
"329","Mankey",0.000768333333333333,141,"Fighting","",305,40,80,35,35,45,70,1,1,1,1,1,1,1,1,0.5,1,2,1,0.5,2,0.5,1,2,1,"1","0","0",19094440
"330","Mareanie",0.00222166666666667,424,"Poison","Water",305,50,53,62,43,52,45,1,1,0.5,1,2,0.5,0.5,0.5,0.5,0.5,2,1,1,1,1,0.5,0.5,2,"0","0","1",19094440
"331","Mareep",0.000703333333333333,131,"Electric","",280,55,40,40,65,45,35,1,1,1,1,0.5,1,1,1,1,1,1,1,1,0.5,1,0.5,1,2,"1","0","0",19094440
"332","Marill",0.00219166666666667,416,"Water","Fairy",250,70,20,50,20,50,40,2,1,0.5,0,2,0.5,2,0.5,0.5,0.5,1,1,0.5,1,1,1,1,1,"0","0","0",19094440
"333","Maschiff",0.000846666666666667,173,"Dark","",340,60,78,60,40,51,51,1,1,1,1,1,2,1,1,2,1,0,0.5,0.5,1,1,1,2,1,"0","0","0",19094440
"334","Masquerain",0.971775,186037,"Bug","Flying",454,70,60,62,100,82,80,0.25,1,1,1,2,0.25,1,2,0.5,2,1,1,1,2,4,1,1,0,"1","0","0",19094440
"335","Maushold",2.497975,455682,"Normal","",470,74,75,70,65,75,111,1,1,1,1,1,2,1,1,1,1,1,0,1,1,1,1,1,1,"1","1","0",19094440
"336","Medicham",0.0866,16430,"Fighting","Psychic",410,60,60,75,60,75,80,1,1,1,1,1,0.5,1,1,1,1,1,2,1,2,0.5,1,2,1,"0","0","0",19094440
"337","Meditite",0.00111666666666667,222,"Fighting","Psychic",280,30,40,55,40,55,60,1,1,1,1,1,0.5,1,1,1,1,1,2,1,2,0.5,1,2,1,"0","0","0",19094440
"338","Meloetta",0.318331666666667,61933,"Normal","Psychic",600,100,77,77,128,128,90,1,1,1,1,1,1,1,1,2,1,0.5,0,2,1,1,1,1,1,"1","0","0",19094440
"339","Meowscarada",6.19411833333333,1175693,"Grass","Dark",530,76,110,70,81,70,123,0.5,1,0.5,1,0.5,2,2,2,4,2,0,0.5,0.5,2,1,1,2,0.5,"1","0","1",19094440
"340","Meowth",0.00252833333333333,466,"Normal","",290,40,45,35,40,40,90,1,1,1,1,1,2,1,1,1,1,1,0,1,1,1,1,1,1,"1","0","1",19094440
"341","Meowth-Alola",0.000325,58,"Dark","",290,40,35,35,50,40,90,1,1,1,1,1,2,1,1,2,1,0,0.5,0.5,1,1,1,2,1,"1","0","1",19094440
"342","Meowth-Galar",0.000793333333333333,146,"Steel","",290,50,65,55,40,40,40,0.5,0.5,1,0.5,1,2,0,2,0.5,0.5,0.5,1,1,0.5,0.5,0.5,0.5,2,"1","0","1",19094440
"343","Mesprit",0.0623533333333333,12454,"Psychic","",580,80,105,105,105,105,80,1,1,1,1,1,0.5,1,1,2,1,0.5,2,2,1,1,1,1,1,"1","0","1",19094440
"344","Mew",0.983335,192749,"Psychic","",600,100,100,100,100,100,100,1,1,1,1,1,0.5,1,1,2,1,0.5,2,2,1,1,1,1,1,"1","0","1",19094440
"345","Mienfoo",0.000686666666666667,66,"Fighting","",350,45,85,50,55,50,65,1,1,1,1,1,1,1,1,0.5,1,2,1,0.5,2,0.5,1,2,1,"1","0","0",19094440
"346","Mienshao",0.576253333333333,60596,"Fighting","",510,65,125,60,95,60,105,1,1,1,1,1,1,1,1,0.5,1,2,1,0.5,2,0.5,1,2,1,"1","0","0",19094440
"347","Mightyena",0.0585566666666667,6079,"Dark","",420,70,90,70,60,60,70,1,1,1,1,1,2,1,1,2,1,0,0.5,0.5,1,1,1,2,1,"0","0","0",19094440
"348","Milotic",1.73481666666667,169140,"Water","",540,95,60,79,100,125,81,2,1,0.5,1,2,1,1,0.5,1,0.5,1,1,1,1,1,0.5,1,1,"1","0","0",19094440
"349","Mimikyu",0.947868333333333,176743,"Ghost","Fairy",476,55,90,80,50,105,96,1,0,1,0,1,0,1,1,0.25,1,1,2,1,1,1,2,1,1,"0","0","0",19094440
"350","Misdreavus",0.0276333333333333,5106,"Ghost","",435,60,60,60,85,85,85,1,0,1,1,1,0,0.5,1,0.5,1,1,2,2,1,1,1,1,1,"0","0","0",19094440
"351","Mismagius",0.19345,35582,"Ghost","",495,60,60,60,105,105,105,1,0,1,1,1,0,0.5,1,0.5,1,1,2,2,1,1,1,1,1,"0","0","0",19094440
"352","Moltres",3.10520166666667,564767,"Fire","Flying",580,90,100,90,125,85,90,0.25,1,2,1,2,0.5,1,0.5,0.25,1,1,1,1,1,4,0.5,0.5,0,"1","0","0",19094440
"353","Moltres-Galar",1.02261166666667,202319,"Dark","Flying",580,90,85,90,100,125,90,0.5,1,1,1,2,1,1,1,1,2,0,0.5,0.5,1,2,1,2,0,"1","0","0",19094440
"354","Monferno",0.00168333333333333,170,"Fire","Fighting",405,64,78,52,78,52,81,0.5,1,2,1,1,1,1,0.5,0.25,0.5,2,1,0.5,2,1,0.5,1,2,"1","0","1",19094440
"355","Morgrem",0.00591833333333333,1053,"Dark","Fairy",370,65,60,45,75,55,70,1,1,1,0,1,1,2,1,1,1,0,0.5,0.25,1,1,2,2,1,"0","0","0",19094440
"356","Morpeko",0.274693333333333,29157,"Electric","Dark",436,58,95,58,70,58,97,1,1,1,1,0.5,2,1,1,2,1,0,0.5,0.5,0.5,1,0.5,2,2,"1","1","0",19094440
"357","Mudbray",0.00272333333333333,502,"Ground","",385,70,100,70,45,55,45,2,1,2,1,0,1,0.5,1,1,2,1,1,1,1,0.5,1,1,1,"0","0","1",19094440
"358","Mudsdale",0.111941666666667,20700,"Ground","",500,100,125,100,55,85,35,2,1,2,1,0,1,0.5,1,1,2,1,1,1,1,0.5,1,1,1,"0","0","1",19094440
"359","Muk",0.0546833333333333,10282,"Poison","",500,105,105,75,65,100,50,0.5,1,1,1,1,0.5,0.5,1,0.5,1,2,1,1,1,1,1,0.5,2,"0","0","1",19094440
"360","Muk-Alola",1.13520166666667,214099,"Poison","Dark",500,105,105,75,65,100,50,0.5,1,1,1,1,1,0.5,1,1,1,0,0.5,0.5,1,1,1,1,2,"0","0","1",19094440
"361","Munchlax",0.00731,709,"Normal","",390,135,85,40,40,85,5,1,1,1,1,1,2,1,1,1,1,1,0,1,1,1,1,1,1,"0","0","0",19094440
"362","Munkidori",2.20968333333333,238938,"Poison","Psychic",555,88,75,66,130,90,106,0.5,1,1,1,1,0.25,0.5,1,1,1,1,2,2,1,1,1,0.5,2,"1","0","0",19094440
"363","Murkrow",0.0779016666666667,14929,"Dark","Flying",405,60,85,42,85,42,91,0.5,1,1,1,2,1,1,1,1,2,0,0.5,0.5,1,2,1,2,0,"1","0","0",19094440
"364","Nacli",0.000908333333333333,172,"Rock","",280,55,55,75,35,35,25,2,0.5,2,1,1,2,0.5,0.5,1,1,1,1,1,0.5,1,2,1,2,"0","0","1",19094440
"365","Naclstack",0.0192016666666667,3530,"Rock","",355,60,60,100,35,65,35,2,0.5,2,1,1,2,0.5,0.5,1,1,1,1,1,0.5,1,2,1,2,"0","0","1",19094440
"366","Ninetales",1.01291,105262,"Fire","",505,73,76,75,81,100,100,0.5,1,2,1,1,1,1,0.5,0.5,0.5,1,1,1,1,2,0.5,0.5,2,"0","0","0",19094440
"367","Ninetales-Alola",8.17229666666667,830185,"Ice","Fairy",505,73,67,75,81,100,109,1,1,1,0,1,1,2,2,0.5,0.5,1,1,0.5,1,2,4,1,1,"0","0","0",19094440
"368","Noctowl",0.0938566666666667,9506,"Normal","Flying",452,100,50,50,86,96,70,0.5,1,1,1,2,1,1,1,0.5,2,1,0,1,1,2,1,1,0,"0","1","0",19094440
"369","Noibat",3e-04,56,"Flying","Dragon",245,40,30,35,45,40,55,0.25,1,0.5,2,1,0.5,1,0.5,0.5,4,1,1,1,1,2,1,2,0,"1","1","0",19094440
"370","Noivern",0.353243333333333,66711,"Flying","Dragon",535,85,70,80,97,80,123,0.25,1,0.5,2,1,0.5,1,0.5,0.5,4,1,1,1,1,2,1,2,0,"1","1","0",19094440
"371","Nosepass",0.00558333333333333,569,"Rock","",375,30,45,135,45,90,30,2,0.5,2,1,1,2,0.5,0.5,1,1,1,1,1,0.5,1,2,1,2,"1","0","1",19094440
"372","Numel",0.004355,804,"Fire","Ground",305,60,60,40,65,45,35,1,1,4,1,0,1,0.5,0.5,0.5,1,1,1,1,1,1,0.5,0.5,2,"0","0","1",19094440
"373","Nuzleaf",0.000626666666666667,58,"Grass","Dark",340,70,70,40,60,40,60,0.5,1,0.5,1,0.5,2,2,2,4,2,0,0.5,0.5,2,1,1,2,0.5,"0","1","0",19094440
"374","Nymble",0.000798333333333333,143,"Bug","",210,33,46,40,21,25,45,0.5,1,1,1,1,0.5,1,2,1,1,1,1,1,2,2,1,1,0.5,"1","0","0",19094440
"375","Ogerpon",1.94878,200764,"Grass","",550,80,120,84,60,96,110,0.5,1,0.5,1,0.5,1,2,2,2,2,1,1,1,2,1,1,1,0.5,"1","0","1",19094440
"376","Ogerpon-Cornerstone",4.17444333333333,409458,"Grass","Rock",550,80,120,84,60,96,110,1,0.5,1,1,0.5,2,1,1,2,2,1,1,1,1,1,2,1,1,"1","0","1",19094440
"377","Ogerpon-Hearthflame",9.56158,365649,"Grass","Fire",550,80,120,84,60,96,110,0.25,1,1,1,0.5,1,2,1,1,1,1,1,1,2,2,0.5,0.5,1,"1","0","1",19094440
"378","Ogerpon-Wellspring",13.82795,1319772,"Grass","Water",550,80,120,84,60,96,110,1,1,0.25,1,1,1,2,1,2,1,1,1,1,2,1,0.5,1,0.5,"1","0","1",19094440
"379","Oinkologne",0.0167883333333333,3142,"Normal","",489,110,100,75,59,80,65,1,1,1,1,1,2,1,1,1,1,1,0,1,1,1,1,1,1,"0","0","0",19094440
"380","Oinkologne-F",0.00949666666666667,1784,"Poison","",275,55,47,52,40,40,41,0.5,1,1,1,1,0.5,0.5,1,0.5,1,2,1,1,1,1,1,0.5,2,"0","0","0",19094440
"381","Okidogi",1.72248,184069,"Poison","Fighting",555,88,128,115,58,86,80,0.5,1,1,1,1,0.5,0.5,1,0.25,1,4,1,0.5,2,0.5,1,1,2,"0","0","0",19094440
"382","Oranguru",0.0173866666666667,3313,"Normal","Psychic",490,90,60,80,90,110,60,1,1,1,1,1,1,1,1,2,1,0.5,0,2,1,1,1,1,1,"0","0","0",19094440
"383","Oricorio",0.04311,7765,"Fire","Flying",476,75,70,70,98,70,93,0.25,1,2,1,2,0.5,1,0.5,0.25,1,1,1,1,1,4,0.5,0.5,0,"1","1","0",19094440
"384","Oricorio-Pa'u",0.00776333333333333,1471,"Psychic","Flying",476,75,70,70,98,70,93,0.5,1,1,1,2,0.25,1,1,1,2,0.5,2,2,1,2,1,1,0,"1","1","0",19094440
"385","Oricorio-Pom-Pom",0.131141666666667,24273,"Electric","Flying",476,75,70,70,98,70,93,0.5,1,1,1,1,0.5,1,1,0.5,2,1,1,1,0.5,2,0.5,1,0,"1","1","0",19094440
"386","Oricorio-Sensu",0.0552916666666667,10303,"Ghost","Flying",476,75,70,70,98,70,93,0.5,0,1,1,2,0,0.5,1,0.25,2,1,2,2,1,2,1,1,0,"1","1","0",19094440
"387","Orthworm",0.237186666666667,45230,"Steel","",480,70,85,145,60,55,65,0.5,0.5,1,0.5,1,2,0,2,0.5,0.5,0.5,1,1,0.5,0.5,0.5,0.5,2,"0","0","1",19094440
"388","Oshawott",0.001665,293,"Water","",308,55,55,45,63,45,45,2,1,0.5,1,2,1,1,0.5,1,0.5,1,1,1,1,1,0.5,1,1,"1","0","0",19094440
"389","Overqwil",1.02075666666667,204271,"Dark","Poison",510,85,115,95,65,65,85,0.5,1,1,1,1,1,0.5,1,1,1,0,0.5,0.5,1,1,1,1,2,"0","0","1",19094440
"390","Pachirisu",0.0260116666666667,4810,"Electric","",405,60,45,70,45,90,95,1,1,1,1,0.5,1,1,1,1,1,1,1,1,0.5,1,0.5,1,2,"1","0","0",19094440
"391","Palossand",0.0805983333333333,15125,"Ghost","Ground",480,85,75,110,100,75,35,2,0,2,1,0,0,0.25,1,0.5,2,1,2,2,1,0.5,1,1,1,"0","0","1",19094440
"392","Passimian",0.0283116666666667,5166,"Fighting","",490,100,120,90,40,60,80,1,1,1,1,1,1,1,1,0.5,1,2,1,0.5,2,0.5,1,2,1,"1","0","0",19094440
"393","Pawmi",0.000641666666666667,126,"Electric","",240,45,50,20,40,25,60,1,1,1,1,0.5,1,1,1,1,1,1,1,1,0.5,1,0.5,1,2,"1","0","0",19094440
"394","Pawmo",0.00124833333333333,242,"Electric","Fighting",350,60,75,40,50,40,85,1,1,1,1,0.5,1,1,1,0.5,1,2,1,0.5,1,0.5,0.5,2,2,"1","0","0",19094440
"395","Pawmot",0.848,160445,"Electric","Fighting",490,70,115,70,70,60,105,1,1,1,1,0.5,1,1,1,0.5,1,2,1,0.5,1,0.5,0.5,2,2,"1","0","0",19094440
"396","Pawniard",0.00381333333333333,657,"Dark","Steel",340,45,85,70,40,40,60,0.5,0.5,1,0.5,1,4,0,2,1,0.5,0,0.5,0.5,0.5,0.5,0.5,1,2,"0","0","1",19094440
"397","Pelipper",5.06207,985202,"Water","Flying",440,60,50,100,95,70,65,1,1,0.5,1,4,0.5,1,0.5,0.5,1,1,1,1,1,2,0.5,1,0,"1","0","0",19094440
"398","Perrserker",0.0352066666666667,6577,"Steel","",440,70,110,100,50,60,50,0.5,0.5,1,0.5,1,2,0,2,0.5,0.5,0.5,1,1,0.5,0.5,0.5,0.5,2,"1","0","1",19094440
"399","Persian",0.0320816666666667,5986,"Normal","",440,65,70,60,65,65,115,1,1,1,1,1,2,1,1,1,1,1,0,1,1,1,1,1,1,"1","0","0",19094440
"400","Persian-Alola",0.0921716666666667,18636,"Dark","",440,65,60,60,75,65,115,1,1,1,1,1,2,1,1,2,1,0,0.5,0.5,1,1,1,2,1,"1","0","0",19094440
"401","Petilil",0.000356666666666667,67,"Grass","",280,45,35,50,70,50,30,0.5,1,0.5,1,0.5,1,2,2,2,2,1,1,1,2,1,1,1,0.5,"0","0","0",19094440
"402","Phanpy",0.00511666666666667,919,"Ground","",330,90,60,60,40,40,40,2,1,2,1,0,1,0.5,1,1,2,1,1,1,1,0.5,1,1,1,"0","0","1",19094440
"403","Phantump",0.00118666666666667,117,"Ghost","Grass",309,43,70,48,50,60,38,0.5,0,0.5,1,0.5,0,1,2,1,2,1,2,2,2,1,1,1,0.5,"0","0","0",19094440
"404","Phione",0.0189466666666667,1982,"Water","",480,80,80,80,80,80,80,2,1,0.5,1,2,1,1,0.5,1,0.5,1,1,1,1,1,0.5,1,1,"1","0","0",19094440
"405","Pichu",0.00433,799,"Electric","",205,20,40,15,35,35,60,1,1,1,1,0.5,1,1,1,1,1,1,1,1,0.5,1,0.5,1,2,"1","0","0",19094440
"406","Pikachu",0.216938333333333,41744,"Electric","",320,35,55,40,50,50,90,1,1,1,1,0.5,1,1,1,1,1,1,1,1,0.5,1,0.5,1,2,"1","0","0",19094440
"407","Piloswine",0.0267566666666667,2568,"Ice","Ground",450,100,100,80,60,60,50,2,1,2,1,0,2,0.5,2,1,1,1,1,1,1,1,2,1,1,"0","0","1",19094440
"408","Pincurchin",0.424098333333333,79814,"Electric","",435,48,101,95,91,85,15,1,1,1,1,0.5,1,1,1,1,1,1,1,1,0.5,1,0.5,1,2,"0","0","1",19094440
"409","Pineco",0.011325,2029,"Bug","",290,50,65,90,35,35,15,0.5,1,1,1,1,0.5,1,2,1,1,1,1,1,2,2,1,1,0.5,"0","1","1",19094440
"410","Piplup",0.00065,65,"Water","",314,53,51,53,61,56,40,2,1,0.5,1,2,1,1,0.5,1,0.5,1,1,1,1,1,0.5,1,1,"1","0","0",19094440
"411","Politoed",0.557716666666667,55588,"Water","",500,90,75,75,90,100,70,2,1,0.5,1,2,1,1,0.5,1,0.5,1,1,1,1,1,0.5,1,1,"0","0","0",19094440
"412","Poliwag",0.00107333333333333,107,"Water","",300,40,50,40,40,40,90,2,1,0.5,1,2,1,1,0.5,1,0.5,1,1,1,1,1,0.5,1,1,"0","0","0",19094440
"413","Poliwhirl",0.00297,296,"Water","",385,65,65,65,50,50,90,2,1,0.5,1,2,1,1,0.5,1,0.5,1,1,1,1,1,0.5,1,1,"0","0","0",19094440
"414","Poliwrath",0.370696666666667,35594,"Water","Fighting",510,90,95,95,70,90,70,2,1,0.5,1,2,1,1,0.5,0.5,0.5,2,1,0.5,2,0.5,0.5,2,1,"0","0","0",19094440
"415","Poltchageist",0.00178,189,"Grass","Ghost",308,40,45,45,74,54,50,0.5,0,0.5,1,0.5,0,1,2,1,2,1,2,2,2,1,1,1,0.5,"0","0","0",19094440
"416","Polteageist",1.14225833333333,212210,"Ghost","",508,60,65,65,134,114,70,1,0,1,1,1,0,0.5,1,0.5,1,1,2,2,1,1,1,1,1,"0","0","0",19094440
"417","Poochyena",0.00038,24,"Dark","",220,35,55,35,30,30,35,1,1,1,1,1,2,1,1,2,1,0,0.5,0.5,1,1,1,2,1,"0","0","0",19094440
"418","Primeape",0.110101666666667,20320,"Fighting","",455,65,105,60,60,70,95,1,1,1,1,1,1,1,1,0.5,1,2,1,0.5,2,0.5,1,2,1,"1","0","1",19094440
"419","Prinplup",0.00151333333333333,141,"Water","",405,64,66,68,81,76,50,2,1,0.5,1,2,1,1,0.5,1,0.5,1,1,1,1,1,0.5,1,1,"1","0","0",19094440
"420","Probopass",0.110566666666667,11617,"Rock","Steel",525,60,55,145,75,150,40,1,0.25,2,0.5,1,4,0,1,0.5,0.5,0.5,1,1,0.25,0.5,1,0.5,4,"1","0","1",19094440
"421","Psyduck",0.00406333333333333,771,"Water","",320,50,52,48,65,50,55,2,1,0.5,1,2,1,1,0.5,1,0.5,1,1,1,1,1,0.5,1,1,"1","0","0",19094440
"422","Pupitar",0.00146,270,"Rock","Ground",410,70,84,70,65,70,51,4,0.5,4,1,0,2,0.25,0.5,1,2,1,1,1,0.5,0.5,2,1,2,"0","0","1",19094440
"423","Pyroar",0.0493816666666667,9152,"Fire","Normal",507,86,68,72,109,66,106,0.5,1,2,1,1,2,1,0.5,0.5,0.5,1,0,1,1,2,0.5,0.5,2,"0","0","0",19094440
"424","Quagsire",0.497331666666667,93499,"Water","Ground",430,95,85,85,65,65,35,4,1,1,1,0,1,0.5,0.5,1,1,1,1,1,1,0.5,0.5,1,1,"0","0","1",19094440
"425","Quaquaval",2.43615666666667,459469,"Water","Fighting",530,85,120,80,85,75,85,2,1,0.5,1,2,1,1,0.5,0.5,0.5,2,1,0.5,2,0.5,0.5,2,1,"1","1","0",19094440
"426","Quaxly",0.00153,282,"Water","",310,55,65,45,50,45,50,2,1,0.5,1,2,1,1,0.5,1,0.5,1,1,1,1,1,0.5,1,1,"0","1","0",19094440
"427","Quaxwell",0.00443666666666667,857,"Water","",410,70,85,65,65,60,65,2,1,0.5,1,2,1,1,0.5,1,0.5,1,1,1,1,1,0.5,1,1,"1","1","0",19094440
"428","Quilava",0.000798333333333333,154,"Fire","",405,58,64,58,80,65,80,0.5,1,2,1,1,1,1,0.5,0.5,0.5,1,1,1,1,2,0.5,0.5,2,"0","0","0",19094440
"429","Quilladin",0.00150166666666667,270,"Grass","",405,61,78,95,56,58,57,0.5,1,0.5,1,0.5,1,2,2,2,2,1,1,1,2,1,1,1,0.5,"0","0","1",19094440
"430","Qwilfish",0.0307283333333333,5906,"Water","Poison",440,65,95,85,55,55,85,1,1,0.5,1,2,0.5,0.5,0.5,0.5,0.5,2,1,1,1,1,0.5,0.5,2,"1","0","1",19094440
"431","Qwilfish-Hisui",0.07252,14537,"Fire","Rock",350,60,75,45,65,50,55,1,0.5,4,1,1,2,0.5,0.25,0.5,0.5,1,1,1,0.5,2,1,0.5,4,"0","0","1",19094440
"432","Raboot",0.002655,495,"Fire","",420,65,86,60,55,60,94,0.5,1,2,1,1,1,1,0.5,0.5,0.5,1,1,1,1,2,0.5,0.5,2,"1","0","0",19094440
"433","Rabsca",0.189195,36297,"Bug","Psychic",470,75,50,85,115,100,45,0.5,1,1,1,1,0.25,1,2,2,1,0.5,2,2,2,2,1,1,0.5,"0","0","0",19094440
"434","Raichu",0.0789666666666667,14822,"Electric","",485,60,90,55,90,80,110,1,1,1,1,0.5,1,1,1,1,1,1,1,1,0.5,1,0.5,1,2,"1","0","0",19094440
"435","Raichu-Alola",0.175986666666667,34663,"Electric","Psychic",485,60,85,50,95,85,110,1,1,1,1,0.5,0.5,1,1,2,1,0.5,2,2,0.5,1,0.5,1,2,"1","0","0",19094440
"436","Ralts",0.00381166666666667,676,"Psychic","Fairy",198,28,25,25,45,35,40,1,1,1,0,1,0.25,2,1,1,1,0.5,2,1,1,1,2,1,1,"0","0","0",19094440
"437","Regidrago",0.84009,166814,"Dragon","",580,200,100,50,100,50,80,0.5,1,0.5,2,0.5,1,1,0.5,1,2,1,1,1,1,1,1,2,1,"0","0","0",19094440
"438","Rellor",0.00118333333333333,198,"Bug","",270,41,50,60,31,58,30,0.5,1,1,1,1,0.5,1,2,1,1,1,1,1,2,2,1,1,0.5,"0","0","0",19094440
"439","Revavroom",0.176155,33677,"Steel","Poison",500,80,119,90,54,67,90,0.25,0.5,1,0.5,1,1,0,2,0.25,0.5,1,1,1,0.5,0.5,0.5,0.25,4,"0","0","1",19094440
"440","Ribombee",8.21131333333333,790153,"Bug","Fairy",464,60,55,60,95,70,124,0.5,1,1,0,1,0.25,2,2,0.5,1,1,1,0.5,2,2,2,1,0.5,"1","0","0",19094440
"441","Rillaboom",6.05935666666667,1134756,"Grass","",530,100,125,90,60,70,85,0.5,1,0.5,1,0.5,1,2,2,2,2,1,1,1,2,1,1,1,0.5,"1","0","0",19094440
"442","Riolu",0.00951166666666667,1827,"Fighting","",285,40,70,40,35,40,60,1,1,1,1,1,1,1,1,0.5,1,2,1,0.5,2,0.5,1,2,1,"0","0","0",19094440
"443","Roaring Moon",7.782168,1278550,"Dragon","Dark",590,105,139,71,55,101,119,0.5,1,0.5,2,0.5,2,1,0.5,2,2,0,0.5,0.5,1,1,1,4,1,"1","0","0",19094440
"444","Rockruff",0.00293333333333333,515,"Rock","",280,45,65,40,30,40,60,2,0.5,2,1,1,2,0.5,0.5,1,1,1,1,1,0.5,1,2,1,2,"0","0","1",19094440
"445","Rolycoly",0.00201166666666667,365,"Rock","",240,30,40,50,40,50,30,2,0.5,2,1,1,2,0.5,0.5,1,1,1,1,1,0.5,1,2,1,2,"0","1","1",19094440
"446","Rookidee",0.000855,167,"Flying","",245,38,47,35,33,35,57,0.5,1,1,1,2,0.5,1,1,0.5,2,1,1,1,1,2,1,1,0,"1","1","0",19094440
"447","Rotom",0.0247166666666667,4610,"Electric","Ghost",440,50,50,77,95,77,91,1,0,1,1,0.5,0,0.5,1,0.5,1,1,2,2,0.5,1,0.5,1,2,"1","0","0",19094440
"448","Rotom-Fan",0.0184983333333333,3355,"Electric","Flying",520,50,65,107,105,107,86,0.5,1,1,1,1,0.5,1,1,0.5,2,1,1,1,0.5,2,0.5,1,0,"1","0","0",19094440
"449","Rotom-Frost",0.0542516666666667,10291,"Electric","Ice",520,50,65,107,105,107,86,1,1,1,1,0.5,2,1,2,1,0.5,1,1,1,0.5,2,1,1,2,"1","0","0",19094440
"450","Rotom-Heat",0.388818333333333,72374,"Electric","Fire",520,50,65,107,105,107,86,0.5,1,2,1,0.5,1,1,0.5,0.5,0.5,1,1,1,0.5,2,0.25,0.5,4,"1","0","0",19094440
"451","Rotom-Mow",0.105546666666667,19713,"Electric","Grass",520,50,65,107,105,107,86,0.5,1,0.5,1,0.25,1,2,2,2,2,1,1,1,1,1,0.5,1,1,"1","0","0",19094440
"452","Rotom-Wash",6.460085,1219526,"Electric","Water",520,50,65,107,105,107,86,2,1,0.5,1,1,1,1,0.5,1,0.5,1,1,1,0.5,1,0.25,1,2,"1","0","0",19094440
"453","Rowlet",0.00202333333333333,375,"Grass","Flying",320,68,55,55,50,50,42,0.25,1,0.5,1,1,0.5,2,2,1,4,1,1,1,2,2,1,1,0,"0","1","0",19094440
"454","Rufflet",0.00409,748,"Normal","Flying",350,70,83,50,37,50,60,0.5,1,1,1,2,1,1,1,0.5,2,1,0,1,1,2,1,1,0,"1","1","0",19094440
"455","Sableye",0.33405,62640,"Dark","Ghost",380,50,75,75,65,65,50,1,0,1,1,1,0,0.5,1,1,1,0,1,1,1,1,1,2,1,"0","0","0",19094440
"456","Salamence",0.799015,147463,"Dragon","Flying",600,95,135,80,110,80,100,0.25,1,0.5,2,1,0.5,1,0.5,0.5,4,1,1,1,1,2,1,2,0,"0","0","0",19094440
"457","Salandit",0.00148,266,"Poison","Fire",320,48,44,40,71,40,77,0.25,1,2,1,1,0.5,0.5,0.5,0.25,0.5,2,1,1,1,2,0.5,0.25,4,"0","0","0",19094440
"458","Salazzle",0.438443333333333,81345,"Poison","Fire",480,68,64,60,111,60,117,0.25,1,2,1,1,0.5,0.5,0.5,0.25,0.5,2,1,1,1,2,0.5,0.25,4,"0","0","0",19094440
"459","Samurott",0.0374683333333333,6915,"Water","",528,95,100,85,108,70,70,2,1,0.5,1,2,1,1,0.5,1,0.5,1,1,1,1,1,0.5,1,1,"1","0","1",19094440
"460","Samurott-Hisui",14.8105566666667,2804657,"Fire","Rock",350,60,75,45,65,50,55,1,0.5,4,1,1,2,0.5,0.25,0.5,0.5,1,1,1,0.5,2,1,0.5,4,"0","0","1",19094440
"461","Sandaconda",0.0873833333333333,16337,"Ground","",510,72,107,125,65,70,71,2,1,2,1,0,1,0.5,1,1,2,1,1,1,1,0.5,1,1,1,"0","0","1",19094440
"462","Sandile",0.00092,155,"Ground","Dark",292,50,72,35,35,35,65,2,1,2,1,0,2,0.5,1,2,2,0,0.5,0.5,1,0.5,1,2,1,"0","0","1",19094440
"463","Sandshrew",0.00190666666666667,185,"Ground","",300,50,75,85,20,30,40,2,1,2,1,0,1,0.5,1,1,2,1,1,1,1,0.5,1,1,1,"0","1","1",19094440
"464","Sandshrew-Alola",7e-04,75,"Ice","Steel",300,50,75,90,10,35,40,0.5,0.5,1,0.5,1,4,0,4,0.5,0.25,0.5,1,1,0.5,1,1,0.5,2,"0","1","1",19094440
"465","Sandslash",0.116796666666667,11991,"Ground","",450,75,100,110,45,55,65,2,1,2,1,0,1,0.5,1,1,2,1,1,1,1,0.5,1,1,1,"0","1","1",19094440
"466","Sandslash-Alola",0.49101,51768,"Ice","Steel",450,75,100,120,25,65,65,0.5,0.5,1,0.5,1,4,0,4,0.5,0.25,0.5,1,1,0.5,1,1,0.5,2,"0","1","1",19094440
"467","Sandy Shocks",4.12067166666667,742170,"Electric","Ground",570,85,81,97,121,85,101,2,1,2,1,0,1,0.5,1,1,2,1,1,1,0.5,0.5,0.5,1,2,"1","0","1",19094440
"468","Sandygast",0.000473333333333333,90,"Ghost","Ground",320,55,55,80,70,45,15,2,0,2,1,0,0,0.25,1,0.5,2,1,2,2,1,0.5,1,1,1,"0","0","1",19094440
"469","Sawsbuck",0.0668666666666667,12350,"Normal","Grass",475,80,100,70,60,70,95,0.5,1,0.5,1,0.5,2,2,2,2,2,1,0,1,2,1,1,1,0.5,"0","0","0",19094440
"470","Scatterbug",0.000204,31,"Bug","",200,38,35,40,27,25,35,0.5,1,1,1,1,0.5,1,2,1,1,1,1,1,2,2,1,1,0.5,"0","0","0",19094440
"471","Scizor",3.39267166666667,631231,"Bug","Steel",500,70,130,100,55,80,65,0.25,0.5,1,0.5,1,1,0,4,0.5,0.5,0.5,1,1,1,1,0.5,0.5,1,"1","1","0",19094440
"472","Scorbunny",0.000898333333333333,171,"Fire","",310,50,71,40,40,40,69,0.5,1,2,1,1,1,1,0.5,0.5,0.5,1,1,1,1,2,0.5,0.5,2,"1","0","0",19094440
"473","Scovillain",0.214878333333333,40577,"Grass","Fire",486,65,108,65,108,65,75,0.25,1,1,1,0.5,1,2,1,1,1,1,1,1,2,2,0.5,0.5,1,"0","0","0",19094440
"474","Scream Tail",1.08608333333333,206726,"Fairy","Psychic",570,115,65,99,65,115,111,1,1,1,0,1,0.25,2,1,1,1,0.5,2,1,1,1,2,1,1,"0","0","1",19094440
"475","Scyther",0.151253333333333,28147,"Bug","Flying",500,70,110,80,55,80,105,0.25,1,1,1,2,0.25,1,2,0.5,2,1,1,1,2,4,1,1,0,"1","1","0",19094440
"476","Seedot",0.00264,253,"Grass","",220,40,40,50,30,30,30,0.5,1,0.5,1,0.5,1,2,2,2,2,1,1,1,2,1,1,1,0.5,"0","1","0",19094440
"477","Sentret",0.00055,55,"Normal","",215,35,46,34,35,45,20,1,1,1,1,1,2,1,1,1,1,1,0,1,1,1,1,1,1,"1","1","0",19094440
"478","Seviper",0.0274783333333333,5148,"Poison","",458,73,100,60,100,60,65,0.5,1,1,1,1,0.5,0.5,1,0.5,1,2,1,1,1,1,1,0.5,2,"0","0","0",19094440
"479","Sewaddle",0.00106333333333333,95,"Bug","Grass",310,45,53,70,40,60,42,0.25,1,0.5,1,0.5,0.5,2,4,2,2,1,1,1,4,2,1,1,0.25,"0","0","0",19094440
"480","Shaymin",0.167206666666667,17457,"Grass","",600,100,100,100,100,100,100,0.5,1,0.5,1,0.5,1,2,2,2,2,1,1,1,2,1,1,1,0.5,"0","0","0",19094440
"481","Shelgon",0.00334,621,"Dragon","",420,65,95,100,60,50,50,0.5,1,0.5,2,0.5,1,1,0.5,1,2,1,1,1,1,1,1,2,1,"0","0","0",19094440
"482","Shellder",0.00109166666666667,203,"Water","",305,30,65,100,45,25,40,2,1,0.5,1,2,1,1,0.5,1,0.5,1,1,1,1,1,0.5,1,1,"0","0","1",19094440
"483","Shellos",0.00217166666666667,388,"Water","",325,76,48,48,57,62,34,2,1,0.5,1,2,1,1,0.5,1,0.5,1,1,1,1,1,0.5,1,1,"0","0","1",19094440
"484","Shiftry",0.825386666666667,85652,"Grass","Dark",480,90,100,60,90,60,80,0.5,1,0.5,1,0.5,2,2,2,4,2,0,0.5,0.5,2,1,1,2,0.5,"0","1","1",19094440
"485","Shinx",0.00062,121,"Electric","",263,45,65,34,40,34,45,1,1,1,1,0.5,1,1,1,1,1,1,1,1,0.5,1,0.5,1,2,"1","0","0",19094440
"486","Shroodle",0.00263833333333333,477,"Poison","Normal",290,40,65,35,40,35,75,0.5,1,1,1,1,1,0.5,1,0.5,1,2,0,1,1,1,1,0.5,2,"1","0","0",19094440
"487","Shroomish",0.00273166666666667,546,"Grass","",295,60,40,60,40,60,35,0.5,1,0.5,1,0.5,1,2,2,2,2,1,1,1,2,1,1,1,0.5,"0","0","0",19094440
"488","Shuppet",0.000415,76,"Ghost","",295,44,75,35,63,33,45,1,0,1,1,1,0,0.5,1,0.5,1,1,2,2,1,1,1,1,1,"0","0","0",19094440
"489","Silicobra",0.000361666666666667,62,"Ground","",315,52,57,75,35,50,46,2,1,2,1,0,1,0.5,1,1,2,1,1,1,1,0.5,1,1,1,"0","0","1",19094440
"490","Sinistcha",2.20466666666667,224774,"Grass","Ghost",508,71,60,106,121,80,70,0.5,0,0.5,1,0.5,0,1,2,1,2,1,2,2,2,1,1,1,0.5,"0","0","0",19094440
"491","Sinistea",0.00166333333333333,320,"Ghost","",308,40,45,45,74,54,50,1,0,1,1,1,0,0.5,1,0.5,1,1,2,2,1,1,1,1,1,"0","0","0",19094440
"492","Skeledirge",3.96240833333333,759523,"Fire","Ghost",530,104,75,100,110,75,66,0.5,0,2,1,1,0,0.5,0.5,0.25,0.5,1,2,2,1,2,0.5,0.5,2,"0","0","0",19094440
"493","Skiddo",0.000492,68,"Grass","",350,66,65,48,62,57,52,0.5,1,0.5,1,0.5,1,2,2,2,2,1,1,1,2,1,1,1,0.5,"0","0","0",19094440
"494","Skiploom",0.000926666666666667,164,"Grass","Flying",340,55,45,50,45,65,80,0.25,1,0.5,1,1,0.5,2,2,1,4,1,1,1,2,2,1,1,0,"1","0","0",19094440
"495","Skrelp",0.00036,63,"Poison","Water",320,50,60,60,60,60,30,1,1,0.5,1,2,0.5,0.5,0.5,0.5,0.5,2,1,1,1,1,0.5,0.5,2,"1","0","1",19094440
"496","Skuntank",0.0248716666666667,4725,"Poison","Dark",479,103,93,67,71,61,84,0.5,1,1,1,1,1,0.5,1,1,1,0,0.5,0.5,1,1,1,1,2,"0","0","1",19094440
"497","Skwovet",0.000118,19,"Normal","",275,70,55,55,35,35,25,1,1,1,1,1,2,1,1,1,1,1,0,1,1,1,1,1,1,"0","0","0",19094440
"498","Slaking",0.106686666666667,20021,"Normal","",670,150,160,100,95,65,100,1,1,1,1,1,2,1,1,1,1,1,0,1,1,1,1,1,1,"0","0","0",19094440
"499","Slakoth",0.000193333333333333,36,"Normal","",280,60,60,60,35,35,30,1,1,1,1,1,2,1,1,1,1,1,0,1,1,1,1,1,1,"0","0","0",19094440
"500","Sliggoo",0.00231333333333333,416,"Dragon","",452,68,75,53,83,113,60,0.5,1,0.5,2,0.5,1,1,0.5,1,2,1,1,1,1,1,1,2,1,"0","0","0",19094440
"501","Sliggoo-Hisui",0.0148916666666667,2768,"Fire","Rock",350,60,75,45,65,50,55,1,0.5,4,1,1,2,0.5,0.25,0.5,0.5,1,1,1,0.5,2,1,0.5,4,"0","0","1",19094440
"502","Slither Wing",0.529756666666667,99024,"Bug","Fighting",570,85,135,79,85,105,81,0.5,1,1,1,1,0.5,1,2,0.5,1,2,1,0.5,4,1,1,2,0.5,"1","0","0",19094440
"503","Slowbro",0.409935,77809,"Water","Psychic",490,95,75,110,100,80,30,2,1,0.5,1,2,0.5,1,0.5,2,0.5,0.5,2,2,1,1,0.5,1,1,"0","0","0",19094440
"504","Slowbro-Galar",0.759108333333333,143687,"Poison","Psychic",490,95,100,95,100,70,30,0.5,1,1,1,1,0.25,0.5,1,1,1,1,2,2,1,1,1,0.5,2,"0","0","0",19094440
"505","Slowking",1.44684166666667,287326,"Water","Psychic",490,95,75,80,100,110,30,2,1,0.5,1,2,0.5,1,0.5,2,0.5,0.5,2,2,1,1,0.5,1,1,"0","0","0",19094440
"506","Slowking-Galar",11.6253516666667,2149789,"Poison","Psychic",490,95,65,80,110,110,30,0.5,1,1,1,1,0.25,0.5,1,1,1,1,2,2,1,1,1,0.5,2,"0","0","0",19094440
"507","Slowpoke",0.00165833333333333,304,"Water","Psychic",315,90,65,65,40,40,15,2,1,0.5,1,2,0.5,1,0.5,2,0.5,0.5,2,2,1,1,0.5,1,1,"0","0","0",19094440
"508","Slowpoke-Galar",0.00037,68,"Psychic","",315,90,65,65,40,40,15,1,1,1,1,1,0.5,1,1,2,1,0.5,2,2,1,1,1,1,1,"0","0","0",19094440
"509","Slugma",0.00134666666666667,140,"Fire","",250,40,40,40,70,40,20,0.5,1,2,1,1,1,1,0.5,0.5,0.5,1,1,1,1,2,0.5,0.5,2,"0","0","0",19094440
"510","Smoliv",0.001015,181,"Grass","Normal",260,41,35,45,58,51,30,0.5,1,0.5,1,0.5,2,2,2,2,2,1,0,1,2,1,1,1,0.5,"0","0","0",19094440
"511","Sneasel",0.00560833333333333,1018,"Dark","Ice",430,55,95,55,35,75,115,1,1,1,1,1,4,1,2,2,0.5,0,0.5,0.5,1,2,2,2,1,"0","0","1",19094440
"512","Sneasel-Hisui",0.00933166666666667,1769,"Fire","Rock",350,60,75,45,65,50,55,1,0.5,4,1,1,2,0.5,0.25,0.5,0.5,1,1,1,0.5,2,1,0.5,4,"0","0","1",19094440
"513","Sneasler",11.1118683333333,2140557,"Fighting","Poison",510,80,130,60,40,80,120,0.5,1,1,1,1,0.5,0.5,1,0.25,1,4,1,0.5,2,0.5,1,1,2,"1","0","1",19094440
"514","Snom",0.002755,517,"Ice","Bug",185,30,25,35,45,30,20,0.5,1,1,1,1,1,1,4,1,0.5,1,1,1,2,4,2,1,0.5,"0","0","0",19094440
"515","Snorlax",0.632526666666667,63928,"Normal","",540,160,110,65,65,110,30,1,1,1,1,1,2,1,1,1,1,1,0,1,1,1,1,1,1,"0","0","0",19094440
"516","Snorunt",0.00039,53,"Ice","",300,50,50,50,50,50,50,1,1,1,1,1,2,1,2,1,0.5,1,1,1,1,2,2,1,1,"0","0","1",19094440
"517","Snover",0.000875,169,"Grass","Ice",334,60,62,50,62,60,40,0.5,1,0.5,1,0.5,2,2,4,2,1,1,1,1,2,2,2,1,0.5,"0","0","0",19094440
"518","Sobble",0.000418333333333333,75,"Water","",310,50,40,40,70,40,70,2,1,0.5,1,2,1,1,0.5,1,0.5,1,1,1,1,1,0.5,1,1,"1","0","0",19094440
"519","Spewpa",0.00024,44,"Bug","",213,45,22,60,27,30,29,0.5,1,1,1,1,0.5,1,2,1,1,1,1,1,2,2,1,1,0.5,"0","0","0",19094440
"520","Spidops",0.328001666666667,62569,"Bug","",404,60,79,92,52,86,35,0.5,1,1,1,1,0.5,1,2,1,1,1,1,1,2,2,1,1,0.5,"1","0","1",19094440
"521","Spinarak",0.000883333333333333,87,"Bug","Poison",250,40,60,40,40,40,30,0.25,1,1,1,1,0.25,0.5,2,0.5,1,2,1,1,2,2,1,0.5,1,"0","0","1",19094440
"522","Spiritomb",0.131296666666667,24751,"Ghost","Dark",485,50,92,108,92,108,35,1,0,1,1,1,0,0.5,1,1,1,0,1,1,1,1,1,2,1,"0","0","0",19094440
"523","Spoink",0.000715,132,"Psychic","",330,60,25,35,70,80,60,1,1,1,1,1,0.5,1,1,2,1,0.5,2,2,1,1,1,1,1,"0","0","0",19094440
"524","Sprigatito",0.001565,308,"Grass","",310,40,61,54,45,45,65,0.5,1,0.5,1,0.5,1,2,2,2,2,1,1,1,2,1,1,1,0.5,"1","0","0",19094440
"525","Squawkabilly",0.0583816666666667,10787,"Normal","Flying",417,82,96,51,45,51,92,0.5,1,1,1,2,1,1,1,0.5,2,1,0,1,1,2,1,1,0,"1","0","0",19094440
"526","Stantler",0.00789,1549,"Normal","",465,73,95,62,85,65,85,1,1,1,1,1,2,1,1,1,1,1,0,1,1,1,1,1,1,"0","0","0",19094440
"527","Staraptor",0.417735,78527,"Normal","Flying",485,85,120,70,50,60,100,0.5,1,1,1,2,1,1,1,0.5,2,1,0,1,1,2,1,1,0,"1","0","0",19094440
"528","Staravia",0.00271333333333333,472,"Normal","Flying",340,55,75,50,40,40,80,0.5,1,1,1,2,1,1,1,0.5,2,1,0,1,1,2,1,1,0,"1","0","0",19094440
"529","Starly",0.017985,3306,"Normal","Flying",245,40,55,30,30,30,60,0.5,1,1,1,2,1,1,1,0.5,2,1,0,1,1,2,1,1,0,"1","0","0",19094440
"530","Steenee",0.000318333333333333,57,"Grass","",290,52,40,48,40,48,62,0.5,1,0.5,1,0.5,1,2,2,2,2,1,1,1,2,1,1,1,0.5,"0","1","0",19094440
"531","Stonjourner",0.0173966666666667,3268,"Rock","",470,100,125,135,20,20,70,2,0.5,2,1,1,2,0.5,0.5,1,1,1,1,1,0.5,1,2,1,2,"0","0","1",19094440
"532","Stunky",0.00181166666666667,324,"Poison","Dark",329,63,63,47,41,41,74,0.5,1,1,1,1,1,0.5,1,1,1,0,0.5,0.5,1,1,1,1,2,"0","0","1",19094440
"533","Sudowoodo",0.0274483333333333,5089,"Rock","",410,70,100,115,30,65,30,2,0.5,2,1,1,2,0.5,0.5,1,1,1,1,1,0.5,1,2,1,2,"0","0","1",19094440
"534","Sunflora",0.0201533333333333,3771,"Grass","",425,75,75,55,105,85,30,0.5,1,0.5,1,0.5,1,2,2,2,2,1,1,1,2,1,1,1,0.5,"0","0","0",19094440
"535","Sunkern",0.00396833333333333,747,"Grass","",180,30,30,30,30,30,30,0.5,1,0.5,1,0.5,1,2,2,2,2,1,1,1,2,1,1,1,0.5,"0","0","0",19094440
"536","Surskit",0.00761166666666667,1417,"Bug","Water",269,40,30,32,50,52,65,1,1,0.5,1,2,0.5,1,1,1,0.5,1,1,1,2,2,0.5,1,0.5,"0","0","0",19094440
"537","Swablu",0.000785,125,"Normal","Flying",310,45,40,60,40,75,50,0.5,1,1,1,2,1,1,1,0.5,2,1,0,1,1,2,1,1,0,"0","1","0",19094440
"538","Swadloon",0.0045,415,"Bug","Grass",380,55,63,90,50,80,42,0.25,1,0.5,1,0.5,0.5,2,4,2,2,1,1,1,4,2,1,1,0.25,"0","0","0",19094440
"539","Swalot",0.0292083333333333,5403,"Poison","",467,100,73,83,73,83,55,0.5,1,1,1,1,0.5,0.5,1,0.5,1,2,1,1,1,1,1,0.5,2,"0","0","1",19094440
"540","Swanna",0.04192,4475,"Water","Flying",473,75,87,63,87,63,98,1,1,0.5,1,4,0.5,1,0.5,0.5,1,1,1,1,1,2,0.5,1,0,"1","1","0",19094440
"541","Swinub",0.000276666666666667,28,"Ice","Ground",250,50,50,40,30,30,50,2,1,2,1,0,2,0.5,2,1,1,1,1,1,1,1,2,1,1,"0","0","1",19094440
"542","Sylveon",0.553631666666667,102826,"Fairy","",525,95,65,65,110,130,60,1,1,1,0,1,0.5,2,1,0.5,1,1,1,0.5,1,1,2,1,1,"0","0","0",19094440
"543","Tadbulb",0.000526666666666667,97,"Electric","",272,61,31,41,59,35,45,1,1,1,1,0.5,1,1,1,1,1,1,1,1,0.5,1,0.5,1,2,"1","0","0",19094440
"544","Talonflame",0.868385,162910,"Fire","Flying",499,78,81,71,74,69,126,0.25,1,2,1,2,0.5,1,0.5,0.25,1,1,1,1,1,4,0.5,0.5,0,"1","1","0",19094440
"545","Tandemaus",0.00219666666666667,403,"Normal","",305,50,50,45,40,45,75,1,1,1,1,1,2,1,1,1,1,1,0,1,1,1,1,1,1,"1","0","0",19094440
"546","Tarountula",0.00572,1064,"Bug","",210,35,41,45,29,40,20,0.5,1,1,1,1,0.5,1,2,1,1,1,1,1,2,2,1,1,0.5,"0","0","1",19094440
"547","Tatsugiri",0.165366666666667,30994,"Dragon","Water",475,68,50,60,120,95,82,1,1,0.25,2,1,1,1,0.25,1,1,1,1,1,1,1,0.5,2,1,"0","1","0",19094440
"548","Tauros",0.125021666666667,23566,"Normal","",490,75,100,95,40,70,110,1,1,1,1,1,2,1,1,1,1,1,0,1,1,1,1,1,1,"0","0","0",19094440
"549","Tauros-Paldea-Aqua",0.342888333333333,65676,"Fighting","Water",490,75,110,105,30,70,100,2,1,0.5,1,2,1,1,0.5,0.5,0.5,2,1,0.5,2,0.5,0.5,2,1,"0","0","0",19094440
"550","Tauros-Paldea-Blaze",0.320505,63166,"Fighting","Fire",490,75,110,105,30,70,100,0.5,1,2,1,1,1,1,0.5,0.25,0.5,2,1,0.5,2,1,0.5,1,2,"0","0","0",19094440
"551","Tauros-Paldea-Combat",0.0133016666666667,2509,"Fighting","",490,75,110,105,30,70,100,1,1,1,1,1,1,1,1,0.5,1,2,1,0.5,2,0.5,1,2,1,"0","0","0",19094440
"552","Teddiursa",0.00161666666666667,313,"Normal","",330,60,80,50,50,50,40,1,1,1,1,1,2,1,1,1,1,1,0,1,1,1,1,1,1,"0","0","0",19094440
"553","Thundurus",0.538445,106923,"Electric","Flying",580,79,115,70,125,80,111,0.5,1,1,1,1,0.5,1,1,0.5,2,1,1,1,0.5,2,0.5,1,0,"1","0","0",19094440
"554","Thundurus-Therian",3.08324166666667,586172,"Flying","",580,79,100,80,110,90,121,0.5,1,1,1,2,0.5,1,1,0.5,2,1,1,1,1,2,1,1,0,"1","0","0",19094440
"555","Thwackey",0.00640666666666667,1178,"Grass","",420,70,85,70,55,60,80,0.5,1,0.5,1,0.5,1,2,2,2,2,1,1,1,2,1,1,1,0.5,"1","0","0",19094440
"556","Timburr",0.000353333333333333,31,"Fighting","",305,75,80,55,25,35,35,1,1,1,1,1,1,1,1,0.5,1,2,1,0.5,2,0.5,1,2,1,"0","1","0",19094440
"557","Ting-Lu",5.55554833333333,1022595,"Dark","Ground",570,155,110,125,55,80,45,2,1,2,1,0,2,0.5,1,2,2,0,0.5,0.5,1,0.5,1,2,1,"0","0","1",19094440
"558","Tinkatink",0.000785,141,"Fairy","Steel",297,50,45,45,35,64,58,0.5,0.5,1,0,1,1,0,2,0.25,0.5,0.5,1,0.5,0.5,0.5,1,0.5,2,"0","0","1",19094440
"559","Tinkaton",0.887111666666667,161168,"Fairy","Steel",506,85,75,77,70,105,94,0.5,0.5,1,0,1,1,0,2,0.25,0.5,0.5,1,0.5,0.5,0.5,1,0.5,2,"0","0","1",19094440
"560","Tinkatuff",0.00236833333333333,442,"Fairy","Steel",380,65,55,55,45,82,78,0.5,0.5,1,0,1,1,0,2,0.25,0.5,0.5,1,0.5,0.5,0.5,1,0.5,2,"0","0","1",19094440
"561","Toedscool",0.00417333333333333,742,"Ground","Grass",335,40,40,35,50,100,70,1,1,1,1,0,1,1,2,2,4,1,1,1,2,0.5,1,1,0.5,"0","1","1",19094440
"562","Toedscruel",0.648085,124382,"Ground","Grass",515,80,70,65,80,120,100,1,1,1,1,0,1,1,2,2,4,1,1,1,2,0.5,1,1,0.5,"0","1","1",19094440
"563","Torkoal",5.86817,1138811,"Fire","",470,70,85,140,85,70,20,0.5,1,2,1,1,1,1,0.5,0.5,0.5,1,1,1,1,2,0.5,0.5,2,"0","1","1",19094440
"564","Tornadus",0.173385,33950,"Flying","",580,79,115,70,125,80,111,0.5,1,1,1,2,0.5,1,1,0.5,2,1,1,1,1,2,1,1,0,"1","0","0",19094440
"565","Tornadus-Therian",1.54862333333333,308804,"Flying","",580,79,100,80,110,90,121,0.5,1,1,1,2,0.5,1,1,0.5,2,1,1,1,1,2,1,1,0,"1","0","0",19094440
"566","Torterra",3.17367,335688,"Grass","Ground",525,95,109,105,75,85,56,1,1,1,1,0,1,1,2,2,4,1,1,1,2,0.5,1,1,0.5,"0","0","1",19094440
"567","Toxapex",5.5362,1043668,"Poison","Water",495,50,63,152,53,142,35,1,1,0.5,1,2,0.5,0.5,0.5,0.5,0.5,2,1,1,1,1,0.5,0.5,2,"0","0","1",19094440
"568","Toxel",0.000658333333333333,128,"Electric","Poison",242,40,38,35,54,35,40,0.5,1,1,1,0.5,0.5,0.5,1,0.5,1,2,1,1,0.5,1,0.5,0.5,4,"0","0","0",19094440
"569","Toxicroak",0.144473333333333,26699,"Poison","Fighting",490,83,106,65,86,65,85,0.5,1,1,1,1,0.5,0.5,1,0.25,1,4,1,0.5,2,0.5,1,1,2,"0","0","0",19094440
"570","Toxtricity",0.344913333333333,64387,"Electric","Poison",502,75,98,70,114,70,75,0.5,1,1,1,0.5,0.5,0.5,1,0.5,1,2,1,1,0.5,1,0.5,0.5,4,"1","0","1",19094440
"571","Trevenant",0.242086666666667,24616,"Ghost","Grass",474,85,110,76,65,82,56,0.5,0,0.5,1,0.5,0,1,2,1,2,1,2,2,2,1,1,1,0.5,"0","0","0",19094440
"572","Tropius",0.107136666666667,19764,"Grass","Flying",460,99,68,83,72,87,51,0.25,1,0.5,1,1,0.5,2,2,1,4,1,1,1,2,2,1,1,0,"1","0","0",19094440
"573","Tsareena",0.232305,43058,"Grass","",510,72,120,98,50,98,72,0.5,1,0.5,1,0.5,1,2,2,2,2,1,1,1,2,1,1,1,0.5,"1","1","0",19094440
"574","Turtwig",0.00105666666666667,103,"Grass","",318,55,68,64,45,55,31,0.5,1,0.5,1,0.5,1,2,2,2,2,1,1,1,2,1,1,1,0.5,"0","0","1",19094440
"575","Tynamo",0.000505,93,"Electric","",275,35,55,40,45,40,60,1,1,1,1,0.5,1,1,1,1,1,1,1,1,0.5,1,0.5,1,2,"0","0","0",19094440
"576","Typhlosion",0.193528333333333,37104,"Fire","",534,78,84,78,109,85,100,0.5,1,2,1,1,1,1,0.5,0.5,0.5,1,1,1,1,2,0.5,0.5,2,"0","0","0",19094440
"577","Typhlosion-Hisui",1.14415666666667,232700,"Fire","Rock",350,60,75,45,65,50,55,1,0.5,4,1,1,2,0.5,0.25,0.5,0.5,1,1,1,0.5,2,1,0.5,4,"0","0","1",19094440
"578","Tyranitar",1.67982666666667,325713,"Rock","Dark",600,100,134,110,95,100,61,2,0.5,2,1,1,4,0.5,0.5,2,1,0,0.5,0.5,0.5,1,2,2,2,"0","0","1",19094440
"579","Umbreon",0.484666666666667,91154,"Dark","",525,95,65,110,60,130,65,1,1,1,1,1,2,1,1,2,1,0,0.5,0.5,1,1,1,2,1,"0","0","0",19094440
"580","Ursaluna",4.78344166666667,926661,"Ground","Normal",550,130,140,105,45,80,50,2,1,2,1,0,2,0.5,1,1,2,1,0,1,1,0.5,1,1,1,"0","0","0",19094440
"581","Ursaluna-Bloodmoon",8.54069,634659,"Ground","Normal",550,130,140,105,45,80,50,2,1,2,1,0,2,0.5,1,1,2,1,0,1,1,0.5,1,1,1,"0","0","0",19094440
"582","Ursaring",0.0902666666666667,16796,"Normal","",500,90,130,75,75,75,55,1,1,1,1,1,2,1,1,1,1,1,0,1,1,1,1,1,1,"0","0","0",19094440
"583","Urshifu-Rapid-Strike",7.92005,316701,"Fighting","Water",550,100,130,100,63,60,97,2,1,0.5,1,2,1,1,0.5,0.5,0.5,2,1,0.5,2,0.5,0.5,2,1,"1","0","0",19094440
"584","Uxie",0.292611666666667,59424,"Psychic","",580,75,75,130,75,130,95,1,1,1,1,1,0.5,1,1,2,1,0.5,2,2,1,1,1,1,1,"1","0","1",19094440
"585","Vaporeon",0.345365,65131,"Water","",525,130,65,60,110,95,65,2,1,0.5,1,2,1,1,0.5,1,0.5,1,1,1,1,1,0.5,1,1,"1","0","0",19094440
"586","Varoom",0.000968333333333333,183,"Steel","Poison",300,45,70,63,30,45,47,0.25,0.5,1,0.5,1,1,0,2,0.25,0.5,1,1,1,0.5,0.5,0.5,0.25,4,"0","0","1",19094440
"587","Veluza",0.118705,22045,"Water","Psychic",478,90,102,73,78,65,70,2,1,0.5,1,2,0.5,1,0.5,2,0.5,0.5,2,2,1,1,0.5,1,1,"1","0","0",19094440
"588","Venomoth",0.0974766666666667,17746,"Bug","Poison",450,70,65,60,90,75,90,0.25,1,1,1,1,0.25,0.5,2,0.5,1,2,1,1,2,2,1,0.5,1,"1","0","1",19094440
"589","Venonat",0.00144166666666667,263,"Bug","Poison",305,60,55,50,40,55,45,0.25,1,1,1,1,0.25,0.5,2,0.5,1,2,1,1,2,2,1,0.5,1,"0","0","1",19094440
"590","Vespiquen",0.0325233333333333,5803,"Bug","Flying",474,70,80,102,80,102,40,0.25,1,1,1,2,0.25,1,2,0.5,2,1,1,1,2,4,1,1,0,"1","0","1",19094440
"591","Victreebel",0.229703333333333,22929,"Grass","Poison",490,80,105,65,100,70,70,0.25,1,0.5,1,0.5,0.5,1,2,1,2,2,1,1,2,1,1,0.5,1,"0","0","0",19094440
"592","Vigoroth",0.021145,3988,"Normal","",440,80,80,80,55,55,90,1,1,1,1,1,2,1,1,1,1,1,0,1,1,1,1,1,1,"0","0","0",19094440
"593","Vikavolt",0.693596666666667,69833,"Bug","Electric",500,77,70,90,145,75,43,0.5,1,1,1,0.5,0.5,1,2,1,1,1,1,1,1,2,0.5,1,1,"1","0","0",19094440
"594","Vivillon",0.136816666666667,25034,"Bug","Flying",411,80,52,50,90,50,89,0.25,1,1,1,2,0.25,1,2,0.5,2,1,1,1,2,4,1,1,0,"1","0","0",19094440
"595","Volbeat",0.11371,11675,"Bug","",430,65,73,75,47,85,85,0.5,1,1,1,1,0.5,1,2,1,1,1,1,1,2,2,1,1,0.5,"1","0","0",19094440
"596","Volcanion",2.56862,496102,"Fire","Water",600,80,110,120,130,90,70,1,1,1,1,2,1,1,0.25,0.5,0.25,1,1,1,1,2,0.25,0.5,2,"0","0","0",19094440
"597","Volcarona",4.32598,172984,"Bug","Fire",550,85,60,65,135,105,100,0.25,1,2,1,1,0.5,1,1,0.5,0.5,1,1,1,2,4,0.5,0.5,1,"1","0","0",19094440
"598","Voltorb",0.00550166666666667,974,"Electric","",330,40,30,50,55,55,100,1,1,1,1,0.5,1,1,1,1,1,1,1,1,0.5,1,0.5,1,2,"1","0","0",19094440
"599","Voltorb-Hisui",0.00573666666666667,1083,"Fire","Rock",350,60,75,45,65,50,55,1,0.5,4,1,1,2,0.5,0.25,0.5,0.5,1,1,1,0.5,2,1,0.5,4,"0","0","1",19094440
"600","Vullaby",0.00229666666666667,213,"Dark","Flying",370,70,55,75,45,65,60,0.5,1,1,1,2,1,1,1,1,2,0,0.5,0.5,1,2,1,2,0,"1","1","0",19094440
"601","Vulpix",0.00445666666666667,452,"Fire","",299,38,41,40,50,65,65,0.5,1,2,1,1,1,1,0.5,0.5,0.5,1,1,1,1,2,0.5,0.5,2,"0","0","0",19094440
"602","Vulpix-Alola",0.00408666666666667,429,"Ice","",299,38,41,40,50,65,65,1,1,1,1,1,2,1,2,1,0.5,1,1,1,1,2,2,1,1,"0","0","0",19094440
"603","Walking Wake",10.1743366666667,1933522,"Water","Dragon",590,99,83,91,125,83,109,1,1,0.25,2,1,1,1,0.25,1,1,1,1,1,1,1,0.5,2,1,"1","0","0",19094440
"604","Wattrel",0.00625,1220,"Electric","Flying",280,40,40,35,55,40,70,0.5,1,1,1,1,0.5,1,1,0.5,2,1,1,1,0.5,2,0.5,1,0,"1","0","0",19094440
"605","Weavile",1.31259,248037,"Dark","Ice",510,70,120,65,45,85,125,1,1,1,1,1,4,1,2,2,0.5,0,0.5,0.5,1,2,2,2,1,"0","0","0",19094440
"606","Weepinbell",0.00100666666666667,91,"Grass","Poison",390,65,90,50,85,45,55,0.25,1,0.5,1,0.5,0.5,1,2,1,2,2,1,1,2,1,1,0.5,1,"0","0","0",19094440
"607","Weezing",0.127553333333333,12904,"Poison","",490,65,90,120,85,70,60,0.5,1,1,1,1,0.5,0.5,1,0.5,1,2,1,1,1,1,1,0.5,2,"0","1","1",19094440
"608","Weezing-Galar",2.20438666666667,215848,"Poison","Fairy",490,65,90,120,85,70,60,0.5,1,1,0,1,0.25,1,1,0.25,1,2,1,0.5,1,1,2,0.5,2,"0","1","1",19094440
"609","Whiscash",0.03296,6092,"Water","Ground",468,110,78,73,76,71,60,4,1,1,1,0,1,0.5,0.5,1,1,1,1,1,1,0.5,0.5,1,1,"0","0","1",19094440
"610","Wigglytuff",0.0478283333333333,8962,"Normal","Fairy",435,140,70,45,85,50,45,1,1,1,0,1,1,2,1,0.5,1,1,0,0.5,1,1,2,1,1,"0","0","1",19094440
"611","Wiglett",0.001625,302,"Water","",245,10,55,25,35,25,95,2,1,0.5,1,2,1,1,0.5,1,0.5,1,1,1,1,1,0.5,1,1,"0","0","0",19094440
"612","Wingull",0.00240166666666667,423,"Water","Flying",270,40,30,30,55,30,85,1,1,0.5,1,4,0.5,1,0.5,0.5,1,1,1,1,1,2,0.5,1,0,"1","0","0",19094440
"613","Wo-Chien",0.447421666666667,82523,"Dark","Grass",570,85,85,100,95,135,70,0.5,1,0.5,1,0.5,2,2,2,4,2,0,0.5,0.5,2,1,1,2,0.5,"0","0","0",19094440
"614","Wooper",0.00832666666666667,1510,"Water","Ground",210,55,45,45,25,25,15,4,1,1,1,0,1,0.5,0.5,1,1,1,1,1,1,0.5,0.5,1,1,"0","0","1",19094440
"615","Wooper-Paldea",0.006515,1250,"Poison","Ground",210,55,45,45,25,25,15,1,1,2,1,0,0.5,0.25,1,0.5,2,2,1,1,1,0.5,1,0.5,2,"0","0","1",19094440
"616","Wugtrio",0.03494,6511,"Water","",425,35,100,50,50,70,120,2,1,0.5,1,2,1,1,0.5,1,0.5,1,1,1,1,1,0.5,1,1,"0","0","0",19094440
"617","Wyrdeer",0.120485,24874,"Normal","Psychic",525,103,105,72,105,75,65,1,1,1,1,1,1,1,1,2,1,0.5,0,2,1,1,1,1,1,"0","0","0",19094440
"618","Yanma",0.00235666666666667,235,"Bug","Flying",390,65,65,45,75,45,95,0.25,1,1,1,2,0.25,1,2,0.5,2,1,1,1,2,4,1,1,0,"1","0","0",19094440
"619","Yanmega",0.777883333333333,78711,"Bug","Flying",515,86,76,86,116,56,95,0.25,1,1,1,2,0.25,1,2,0.5,2,1,1,1,2,4,1,1,0,"1","0","0",19094440
"620","Yungoos",0.00109833333333333,207,"Normal","",253,48,70,30,30,30,45,1,1,1,1,1,2,1,1,1,1,1,0,1,1,1,1,1,1,"1","0","0",19094440
"621","Zamazenta",6.97261666666667,1322953,"Fighting","",660,92,120,115,80,115,138,1,1,1,1,1,1,1,1,0.5,1,2,1,0.5,2,0.5,1,2,1,"0","0","0",19094440
"622","Zamazenta-Crowned",2.54291,101684,"Fairy","Steel",700,92,150,115,80,115,148,0.5,0.5,1,0,1,1,0,2,0.25,0.5,0.5,1,0.5,0.5,0.5,1,0.5,2,"0","0","0",19094440
"623","Zangoose",0.110601666666667,20355,"Normal","",458,73,115,60,60,60,90,1,1,1,1,1,2,1,1,1,1,1,0,1,1,1,1,1,1,"0","0","0",19094440
"624","Zapdos",12.0682433333333,2248398,"Electric","Flying",580,90,90,85,125,90,100,0.5,1,1,1,1,0.5,1,1,0.5,2,1,1,1,0.5,2,0.5,1,0,"1","0","0",19094440
"625","Zapdos-Galar",0.807785,160902,"Fighting","Flying",580,90,125,90,85,90,100,0.5,1,1,1,2,0.5,1,1,0.25,2,2,1,0.5,2,1,1,2,0,"1","0","0",19094440
"626","Zarude",0.257771666666667,49940,"Dark","Grass",600,105,120,105,70,95,105,0.5,1,0.5,1,0.5,2,2,2,4,2,0,0.5,0.5,2,1,1,2,0.5,"1","0","0",19094440
"627","Zoroark",0.15219,27967,"Dark","",510,60,105,60,120,60,105,1,1,1,1,1,2,1,1,2,1,0,0.5,0.5,1,1,1,2,1,"1","0","0",19094440
"628","Zoroark-Hisui",2.12751833333333,407146,"Fire","Rock",350,60,75,45,65,50,55,1,0.5,4,1,1,2,0.5,0.25,0.5,0.5,1,1,1,0.5,2,1,0.5,4,"0","0","1",19094440
"629","Zorua",0.00281333333333333,489,"Dark","",330,40,65,40,80,40,65,1,1,1,1,1,2,1,1,2,1,0,0.5,0.5,1,1,1,2,1,"1","0","0",19094440
"630","Zorua-Hisui",0.00536333333333333,999,"Fire","Rock",350,60,75,45,65,50,55,1,0.5,4,1,1,2,0.5,0.25,0.5,0.5,1,1,1,0.5,2,1,0.5,4,"0","0","1",19094440
"631","Zweilous",0.00280833333333333,528,"Dark","Dragon",420,72,85,70,65,70,58,0.5,1,0.5,2,0.5,2,1,0.5,2,2,0,0.5,0.5,1,1,1,4,1,"0","0","0",19094440
